
-- data generated by datafiller.py version 2.0.0 (r792 on 2014-03-23) for postgresql

-- fill table stores (1000)
\echo # filling table stores (1000)
COPY stores (id,name,url,creation_date) FROM STDIN (ENCODING 'utf-8');
1	name_153_153_1	url_647_647_6	2016-05-12 13:55:34
2	name_173	url_339_339_3	2016-05-12 05:58:34
3	name_631	url_763_763_7	2016-05-12 09:03:34
4	name_77_77_77	url_836_836_8	2016-05-12 07:00:34
5	name_1000_1	url_745_74	2016-05-12 09:15:34
6	name_557	url_647_647_6	2016-05-12 12:02:34
7	name_476	url_483_48	2016-05-12 05:56:34
8	name_878_87	url_469_469_4	2016-05-12 05:08:34
9	name_176	url_203_203_2	2016-05-12 02:19:34
10	name_906	url_955_955_9	2016-05-12 12:33:34
11	name_869_869_8	url_78_7	2016-05-12 09:12:34
12	name_77_77_77	url_205_205_205_	2016-05-12 08:31:34
13	name_619_619_6	url_790_790_7	2016-05-12 10:37:34
14	name_268_268_2	url_817_817_8	2016-05-12 06:58:34
15	name_171	url_472_47	2016-05-12 08:37:34
16	name_839_839_8	url_993_993_9	2016-05-12 07:41:34
17	name_575_57	url_548_54	2016-05-11 23:59:34
18	name_253	url_684_684_684_	2016-05-12 04:22:34
19	name_532_532_5	url_532_532_532_	2016-05-11 22:50:34
20	name_859	url_556_55	2016-05-11 23:03:34
21	name_555	url_247_247_2	2016-05-12 00:35:34
22	name_393	url_368_368_368_	2016-05-12 15:15:34
23	name_107_10	url_277_277_2	2016-05-12 02:35:34
24	name_676_676_6	url_384_384_384_	2016-05-12 12:55:34
25	name_90_90_90_9	url_909_909_9	2016-05-12 02:16:34
26	name_736_73	url_683_68	2016-05-12 07:16:34
27	name_628_62	url_809_809_8	2016-05-12 14:41:34
28	name_421_421_4	url_307_30	2016-05-12 09:55:34
29	name_523	url_218_21	2016-05-12 00:20:34
30	name_118	url_297_29	2016-05-12 09:13:34
31	name_55_55_	url_726_72	2016-05-12 10:09:34
32	name_277_27	url_858_858_8	2016-05-12 12:41:34
33	name_223	url_203_203_2	2016-05-12 12:51:34
34	name_405_40	url_250_25	2016-05-12 14:21:34
35	name_353_35	url_459_45	2016-05-12 13:50:34
36	name_328_32	url_81_81_81_81_	2016-05-11 23:47:34
37	name_557	url_572_57	2016-05-12 11:41:34
38	name_176	url_246_246_246_	2016-05-12 10:46:34
39	name_216_21	url_629_62	2016-05-12 09:10:34
40	name_909	url_382_382_3	2016-05-12 11:46:34
41	name_760_76	url_413_413_413_	2016-05-12 13:04:34
42	name_462_46	url_511_511_5	2016-05-12 11:09:34
43	name_729_729_7	url_951_951_951_	2016-05-12 07:00:34
44	name_946_946_9	url_461_46	2016-05-12 01:10:34
45	name_574_57	url_922_922_9	2016-05-12 11:24:34
46	name_491_49	url_762_762_762_	2016-05-12 09:51:34
47	name_462_46	url_194_19	2016-05-12 14:20:34
48	name_691	url_377_377_3	2016-05-12 14:30:34
49	name_808_808_8	url_205_205_205_	2016-05-12 12:32:34
50	name_75_75_	url_367_36	2016-05-11 23:49:34
51	name_299_299_2	url_176_176_176_	2016-05-12 06:14:34
52	name_174	url_828_828_8	2016-05-12 07:48:34
53	name_32_	url_754_754_754_	2016-05-12 04:14:34
54	name_110	url_479_479_479_	2016-05-12 05:14:34
55	name_221	url_3_3_3_	2016-05-12 12:59:34
56	name_100_10	url_443_443_443_	2016-05-12 06:53:34
57	name_490_49	url_544_544_5	2016-05-12 01:27:34
58	name_82_	url_135_135_135_	2016-05-12 02:53:34
59	name_767_76	url_366_366_3	2016-05-12 09:59:34
60	name_865_865_8	url_963_963_9	2016-05-12 14:03:34
61	name_571_57	url_92_92_92_92	2016-05-12 07:45:34
62	name_158_158_1	url_111_111_1	2016-05-11 23:29:34
63	name_396	url_727_727_727_	2016-05-12 01:12:34
64	name_839_839_8	url_591_59	2016-05-12 02:50:34
65	name_91_91_91_91	url_151_151_151_	2016-05-12 12:44:34
66	name_498_49	url_406_406_4	2016-05-12 02:40:34
67	name_558	url_658_658_6	2016-05-12 13:45:34
68	name_655_65	url_559_55	2016-05-12 12:01:34
69	name_716	url_428_428_4	2016-05-12 13:31:34
70	name_974_974_9	url_166_166_1	2016-05-12 02:31:34
71	name_635	url_304_30	2016-05-12 12:45:34
72	name_312_312_3	url_810_810_810_	2016-05-12 00:55:34
73	name_421_421_4	url_13_13_13_1	2016-05-12 02:42:34
74	name_779	url_188_188_1	2016-05-12 00:36:34
75	name_760_76	url_203_203_2	2016-05-12 01:43:34
76	name_538_538_5	url_483_48	2016-05-12 04:21:34
77	name_25_25_	url_694_69	2016-05-12 12:57:34
78	name_495_49	url_857_857_857_	2016-05-12 09:33:34
79	name_797_79	url_84_84_84_84_	2016-05-12 05:49:34
80	name_629_62	url_797_79	2016-05-12 07:27:34
81	name_960	url_927_927_927_	2016-05-12 05:52:34
82	name_9_9_9_	url_909_909_9	2016-05-12 12:01:34
83	name_692	url_55_55_	2016-05-12 06:38:34
84	name_144	url_735_735_735_	2016-05-12 10:32:34
85	name_896_896_8	url_564_56	2016-05-12 07:19:34
86	name_388_38	url_322_322_3	2016-05-12 03:43:34
87	name_727_727_7	url_21_21_21_	2016-05-12 03:18:34
88	name_986_98	url_726_72	2016-05-12 10:43:34
89	name_504_504_5	url_262_262_262_	2016-05-12 01:15:34
90	name_62_	url_509_509_5	2016-05-12 01:02:34
91	name_721_721_7	url_937_93	2016-05-12 04:44:34
92	name_764_76	url_826_82	2016-05-12 02:19:34
93	name_586	url_549_549_549_	2016-05-12 00:50:34
94	name_731_73	url_88_88_88_88_	2016-05-12 10:55:34
95	name_104_10	url_11_11_11_1	2016-05-12 11:57:34
96	name_920_92	url_529_52	2016-05-12 05:55:34
97	name_108_10	url_26_26_26_	2016-05-12 10:03:34
98	name_229	url_924_924_924_	2016-05-12 11:11:34
99	name_573_57	url_566_566_5	2016-05-12 03:46:34
100	name_540_54	url_111_111_1	2016-05-12 07:01:34
101	name_118	url_738_738_738_	2016-05-12 01:50:34
102	name_641_641_6	url_40_40_4	2016-05-12 08:33:34
103	name_805_805_8	url_841_841_8	2016-05-12 03:13:34
104	name_464_46	url_547_547_5	2016-05-12 08:47:34
105	name_423_423_4	url_306_306_3	2016-05-12 06:11:34
106	name_541_54	url_897_89	2016-05-12 08:05:34
107	name_584	url_960_960_9	2016-05-12 12:54:34
108	name_801_801_8	url_70_7	2016-05-12 08:02:34
109	name_682_68	url_740_740_740_	2016-05-12 02:08:34
110	name_863_863_8	url_786_78	2016-05-12 07:12:34
111	name_838_838_8	url_75_7	2016-05-12 11:39:34
112	name_843_84	url_556_55	2016-05-12 11:20:34
113	name_982_98	url_899_899_8	2016-05-12 10:13:34
114	name_166_16	url_140_140_140_	2016-05-12 11:52:34
115	name_591_591_5	url_188_188_1	2016-05-12 08:28:34
116	name_658_65	url_533_533_5	2016-05-12 11:05:34
117	name_37_37_37	url_407_40	2016-05-12 05:18:34
118	name_229	url_246_246_246_	2016-05-12 08:01:34
119	name_278_27	url_478_47	2016-05-12 03:37:34
120	name_584	url_803_803_8	2016-05-12 14:31:34
121	name_584	url_132_132_132_	2016-05-12 15:02:34
122	name_393	url_267_26	2016-05-12 06:13:34
123	name_906	url_472_47	2016-05-12 07:29:34
124	name_834_834_8	url_292_292_292_	2016-05-12 13:57:34
125	name_571_57	url_668_668_668_	2016-05-12 07:51:34
126	name_661	url_381_381_381_	2016-05-12 15:23:34
127	name_913_913_9	url_636_636_6	2016-05-11 23:03:34
128	name_481_481_4	url_182_182_1	2016-05-11 22:59:34
129	name_449	url_630_630_6	2016-05-12 00:46:34
130	name_160_16	url_934_93	2016-05-12 10:06:34
131	name_593_593_5	url_882_882_8	2016-05-12 05:11:34
132	name_134_13	url_990_990_9	2016-05-12 10:04:34
133	name_91_91_91_91	url_429_42	2016-05-12 00:58:34
134	name_794_79	url_654_654_654_	2016-05-12 14:42:34
135	name_501_501_5	url_777_777_7	2016-05-12 01:11:34
136	name_396	url_110_110_110_	2016-05-12 09:02:34
137	name_57_57_57	url_6_6_6_	2016-05-11 23:46:34
138	name_574_57	url_284_284_284_	2016-05-12 14:06:34
139	name_500_500_5	url_161_16	2016-05-12 05:23:34
140	name_913_913_9	url_349_349_349_	2016-05-12 14:28:34
141	name_310_310_3	url_512_51	2016-05-11 23:09:34
142	name_961	url_799_799_7	2016-05-12 01:02:34
143	name_256	url_500_500_5	2016-05-12 07:56:34
144	name_616_616_6	url_700_700_7	2016-05-12 06:22:34
145	name_127_127_1	url_750_75	2016-05-12 02:18:34
146	name_932	url_698_698_698_	2016-05-12 08:48:34
147	name_674_674_6	url_671_671_6	2016-05-12 07:38:34
148	name_849_84	url_80_80_80_80_	2016-05-12 02:54:34
149	name_904	url_895_895_895_	2016-05-12 08:09:34
150	name_993	url_159_15	2016-05-12 06:18:34
151	name_359_35	url_779_779_779_	2016-05-12 09:41:34
152	name_159_159_1	url_380_38	2016-05-12 14:22:34
153	name_264_264_2	url_97_97_97_97	2016-05-12 01:29:34
154	name_318_318_3	url_799_799_7	2016-05-12 10:43:34
155	name_986_98	url_79_7	2016-05-11 23:33:34
156	name_227	url_223_22	2016-05-12 10:38:34
157	name_333	url_824_824_824_	2016-05-12 13:09:34
158	name_150_150_1	url_626_62	2016-05-12 11:34:34
159	name_145	url_387_387_387_	2016-05-12 12:30:34
160	name_629_62	url_532_532_532_	2016-05-12 05:37:34
161	name_137_13	url_102_102_102_	2016-05-12 06:55:34
162	name_723_723_7	url_376_376_376_	2016-05-12 08:32:34
163	name_770	url_801_80	2016-05-12 09:58:34
164	name_150_150_1	url_368_368_368_	2016-05-12 15:09:34
165	name_628_62	url_152_152_1	2016-05-12 07:04:34
166	name_826	url_569_569_5	2016-05-12 13:44:34
167	name_706_70	url_636_636_6	2016-05-11 22:50:34
168	name_571_57	url_537_53	2016-05-12 02:25:34
169	name_53_5	url_109_109_1	2016-05-12 02:48:34
170	name_463_46	url_182_182_1	2016-05-12 05:46:34
171	name_448	url_531_53	2016-05-12 03:59:34
172	name_445	url_580_58	2016-05-12 00:30:34
173	name_522	url_323_32	2016-05-12 10:50:34
174	name_63_6	url_824_824_824_	2016-05-12 13:34:34
175	name_310_310_3	url_28_28_28_	2016-05-12 04:34:34
176	name_451_451_4	url_150_15	2016-05-12 07:55:34
177	name_624_62	url_148_14	2016-05-12 11:52:34
178	name_741	url_31_31_31	2016-05-12 03:05:34
179	name_531_531_5	url_827_827_827_	2016-05-12 07:51:34
180	name_989_98	url_730_730_7	2016-05-12 11:40:34
181	name_81_81_81_81	url_912_91	2016-05-12 03:13:34
182	name_539_539_5	url_44_44_4	2016-05-12 03:26:34
183	name_700_70	url_220_22	2016-05-12 00:13:34
184	name_493_49	url_202_202_202_	2016-05-12 06:51:34
185	name_85_85_	url_523_52	2016-05-12 12:42:34
186	name_844_84	url_513_513_513_	2016-05-12 12:42:34
187	name_38_38_38_	url_419_419_419_	2016-05-12 11:50:34
188	name_877_87	url_570_570_570_	2016-05-12 12:35:34
189	name_639	url_524_524_524_	2016-05-12 10:34:34
190	name_737_73	url_962_962_962_	2016-05-12 03:30:34
191	name_216_21	url_181_181_181_	2016-05-12 10:25:34
192	name_621_62	url_265_265_265_	2016-05-12 01:17:34
193	name_711	url_947_947_9	2016-05-12 02:34:34
194	name_132_13	url_857_857_857_	2016-05-12 10:02:34
195	name_782_782_7	url_620_62	2016-05-12 04:21:34
196	name_666	url_69_69	2016-05-12 00:10:34
197	name_606	url_870_870_870_	2016-05-12 06:11:34
198	name_363	url_873_873_873_	2016-05-12 13:38:34
199	name_696	url_304_30	2016-05-12 04:08:34
200	name_783_783_7	url_906_906_9	2016-05-12 02:47:34
201	name_45_45_	url_163_163_1	2016-05-12 11:49:34
202	name_146	url_164_16	2016-05-12 03:51:34
203	name_152_152_1	url_399_399_3	2016-05-12 04:49:34
204	name_462_46	url_942_94	2016-05-12 02:33:34
205	name_938	url_933_933_9	2016-05-12 10:25:34
206	name_239_239_2	url_92_92_92_92	2016-05-12 01:42:34
207	name_969	url_177_177_1	2016-05-11 23:52:34
208	name_634	url_810_810_810_	2016-05-12 07:37:34
209	name_811_81	url_349_349_349_	2016-05-12 08:01:34
210	name_724_724_7	url_102_102_102_	2016-05-12 02:11:34
211	name_727_727_7	url_654_654_654_	2016-05-12 11:46:34
212	name_222	url_201_20	2016-05-12 14:26:34
213	name_955_95	url_187_187_187_	2016-05-12 03:42:34
214	name_762_76	url_620_62	2016-05-12 06:27:34
215	name_118	url_143_143_143_	2016-05-12 12:30:34
216	name_194_19	url_748_74	2016-05-12 12:13:34
217	name_207_207_2	url_226_22	2016-05-12 14:33:34
218	name_255	url_382_382_3	2016-05-12 13:38:34
219	name_716	url_945_94	2016-05-12 09:40:34
220	name_309	url_622_622_6	2016-05-12 14:48:34
221	name_980_98	url_745_74	2016-05-12 01:54:34
222	name_776	url_807_80	2016-05-12 13:23:34
223	name_177	url_798_798_798_	2016-05-12 06:17:34
224	name_908	url_802_802_802_	2016-05-12 01:36:34
225	name_448	url_194_19	2016-05-12 06:39:34
226	name_350_35	url_243_243_243_	2016-05-11 23:40:34
227	name_364	url_460_460_4	2016-05-12 09:53:34
228	name_335	url_362_362_362_	2016-05-12 07:40:34
229	name_477	url_626_62	2016-05-12 10:46:34
230	name_839_839_8	url_378_37	2016-05-12 01:13:34
231	name_841_84	url_630_630_6	2016-05-12 13:39:34
232	name_903	url_33_33_33	2016-05-12 14:02:34
233	name_491_49	url_589_58	2016-05-12 01:15:34
234	name_716	url_133_133_1	2016-05-12 08:27:34
235	name_965	url_467_46	2016-05-12 00:16:34
236	name_500_500_5	url_442_44	2016-05-11 23:10:34
237	name_479	url_149_149_149_	2016-05-12 14:48:34
238	name_55_55_	url_468_468_468_	2016-05-11 23:42:34
239	name_817_81	url_681_681_681_	2016-05-12 13:36:34
240	name_20_20_20_2	url_224_224_224_	2016-05-12 05:24:34
241	name_976_976_9	url_908_908_908_	2016-05-12 13:51:34
242	name_599_599_5	url_809_809_8	2016-05-12 13:12:34
243	name_518_51	url_770_770_770_	2016-05-12 09:09:34
244	name_139_13	url_900_900_9	2016-05-12 05:45:34
245	name_180_180_1	url_792_792_792_	2016-05-12 07:33:34
246	name_385_38	url_560_560_5	2016-05-12 08:35:34
247	name_473	url_135_135_135_	2016-05-12 02:36:34
248	name_842_84	url_429_42	2016-05-12 01:26:34
249	name_224	url_783_78	2016-05-12 10:10:34
250	name_495_49	url_119_119_119_	2016-05-12 11:36:34
251	name_17_17_17	url_429_42	2016-05-12 14:08:34
252	name_62_	url_746_746_746_	2016-05-12 04:56:34
253	name_112	url_595_595_595_	2016-05-12 04:13:34
254	name_520	url_33_33_33	2016-05-12 03:25:34
255	name_26_26_2	url_381_381_381_	2016-05-11 23:45:34
256	name_87_87_87	url_513_513_513_	2016-05-12 00:15:34
257	name_475	url_738_738_738_	2016-05-12 03:47:34
258	name_132_13	url_493_493_4	2016-05-12 03:13:34
259	name_909	url_686_68	2016-05-11 22:52:34
260	name_241_24	url_769_769_7	2016-05-12 10:27:34
261	name_378_378_3	url_511_511_5	2016-05-12 06:17:34
262	name_235_235_2	url_652_652_6	2016-05-12 04:29:34
263	name_325_32	url_881_881_881_	2016-05-12 04:20:34
264	name_311_311_3	url_901_90	2016-05-12 01:22:34
265	name_872_87	url_493_493_4	2016-05-12 11:56:34
266	name_159_159_1	url_487_487_487_	2016-05-12 05:54:34
267	name_750_750_7	url_681_681_681_	2016-05-12 01:02:34
268	name_928_92	url_67_67	2016-05-12 13:55:34
269	name_904	url_324_324_324_	2016-05-12 13:43:34
270	name_780_780_7	url_481_481_481_	2016-05-12 05:06:34
271	name_134_13	url_763_763_7	2016-05-12 03:20:34
272	name_614_614_6	url_50_50_	2016-05-12 11:14:34
273	name_363	url_171_171_1	2016-05-12 01:04:34
274	name_654_65	url_958_958_9	2016-05-12 03:24:34
275	name_788_788_7	url_904_90	2016-05-12 12:31:34
276	name_431_43	url_803_803_8	2016-05-12 04:21:34
277	name_59_59_59_5	url_575_57	2016-05-11 23:23:34
278	name_697	url_475_47	2016-05-12 11:10:34
279	name_686_68	url_973_973_973_	2016-05-12 03:09:34
280	name_605	url_601_60	2016-05-12 06:32:34
281	name_952_95	url_64_64	2016-05-12 06:19:34
282	name_922_92	url_504_50	2016-05-12 12:42:34
283	name_537_537_5	url_348_34	2016-05-12 14:07:34
284	name_299_299_2	url_197_19	2016-05-12 02:43:34
285	name_13_1	url_916_916_916_	2016-05-12 01:41:34
286	name_311_311_3	url_735_735_735_	2016-05-12 09:14:34
287	name_906	url_701_70	2016-05-12 15:09:34
288	name_879_87	url_529_52	2016-05-12 06:37:34
289	name_882	url_223_22	2016-05-12 10:08:34
290	name_109_10	url_85_85_85_85_	2016-05-11 23:26:34
291	name_166_16	url_366_366_3	2016-05-11 23:58:34
292	name_872_87	url_383_38	2016-05-12 00:14:34
293	name_959_95	url_259_25	2016-05-12 08:29:34
294	name_337	url_518_51	2016-05-12 13:56:34
295	name_230_230_2	url_969_969_9	2016-05-12 12:17:34
296	name_297_297_2	url_339_339_3	2016-05-12 03:50:34
297	name_11_11_11_11	url_965_965_965_	2016-05-12 05:26:34
298	name_789_789_7	url_35_35_35	2016-05-12 14:30:34
299	name_803_803_8	url_312_31	2016-05-12 00:59:34
300	name_82_	url_813_813_813_	2016-05-12 03:43:34
301	name_225	url_853_85	2016-05-12 14:28:34
302	name_285	url_497_49	2016-05-12 03:28:34
303	name_710	url_648_64	2016-05-12 12:20:34
304	name_403_40	url_587_587_587_	2016-05-12 14:16:34
305	name_350_35	url_232_232_232_	2016-05-12 10:24:34
306	name_215_21	url_186_18	2016-05-12 13:16:34
307	name_986_98	url_456_45	2016-05-12 12:00:34
308	name_278_27	url_575_57	2016-05-12 12:59:34
309	name_353_35	url_842_84	2016-05-12 06:02:34
310	name_684_68	url_324_324_324_	2016-05-12 13:01:34
311	name_413	url_211_211_2	2016-05-12 08:39:34
312	name_342_342_3	url_684_684_684_	2016-05-12 04:08:34
313	name_689_68	url_452_452_4	2016-05-12 12:12:34
314	name_18_18_18_	url_385_385_3	2016-05-12 07:08:34
315	name_83_8	url_113_113_113_	2016-05-12 12:05:34
316	name_262_262_2	url_410_410_410_	2016-05-12 06:23:34
317	name_390	url_849_849_849_	2016-05-12 05:11:34
318	name_988_98	url_691_69	2016-05-12 03:41:34
319	name_884	url_957_957_957_	2016-05-12 13:01:34
320	name_283	url_17_17_17_1	2016-05-12 04:00:34
321	name_637	url_725_725_7	2016-05-12 15:03:34
322	name_645_645_6	url_653_65	2016-05-12 13:24:34
323	name_549_54	url_8_8_8_8_8	2016-05-12 01:56:34
324	name_328_32	url_152_152_1	2016-05-12 14:08:34
325	name_672_672_6	url_443_443_443_	2016-05-12 00:50:34
326	name_962	url_434_43	2016-05-12 12:31:34
327	name_926_92	url_924_924_924_	2016-05-12 12:43:34
328	name_757_757_7	url_919_919_919_	2016-05-12 11:05:34
329	name_358_35	url_584_584_584_	2016-05-12 04:24:34
330	name_422_422_4	url_510_510_510_	2016-05-11 22:53:34
331	name_472	url_194_19	2016-05-12 04:15:34
332	name_343_343_3	url_771_771_7	2016-05-11 23:08:34
333	name_955_95	url_40_40_4	2016-05-12 08:39:34
334	name_417	url_905_905_905_	2016-05-12 05:13:34
335	name_556	url_518_51	2016-05-12 09:33:34
336	name_91_91_91_91	url_378_37	2016-05-12 07:19:34
337	name_496_49	url_334_33	2016-05-12 11:01:34
338	name_668	url_201_20	2016-05-12 13:25:34
339	name_489_489_4	url_680_68	2016-05-12 07:13:34
340	name_755_755_7	url_338_338_338_	2016-05-12 04:22:34
341	name_291_291_2	url_169_169_1	2016-05-12 03:28:34
342	name_779	url_159_15	2016-05-12 12:19:34
343	name_192_19	url_493_493_4	2016-05-12 00:05:34
344	name_759_759_7	url_92_92_92_92	2016-05-11 23:28:34
345	name_532_532_5	url_73_7	2016-05-12 07:25:34
346	name_484_484_4	url_330_330_3	2016-05-12 02:40:34
347	name_483_483_4	url_332_332_332_	2016-05-12 10:35:34
348	name_892_892_8	url_699_699_6	2016-05-12 10:46:34
349	name_60_60_60_6	url_288_288_2	2016-05-12 07:00:34
350	name_512_51	url_126_12	2016-05-12 09:50:34
351	name_5_5	url_551_551_551_	2016-05-12 12:08:34
352	name_523	url_860_860_8	2016-05-12 08:30:34
353	name_14_14	url_37_37_37	2016-05-12 07:23:34
354	name_838_838_8	url_868_868_868_	2016-05-12 05:40:34
355	name_812_81	url_130_130_1	2016-05-12 08:15:34
356	name_300	url_629_62	2016-05-12 04:20:34
357	name_983_98	url_551_551_551_	2016-05-12 09:19:34
358	name_550	url_151_151_151_	2016-05-12 09:31:34
359	name_378_378_3	url_524_524_524_	2016-05-12 14:01:34
360	name_187_187_1	url_54_54_	2016-05-12 00:57:34
361	name_626_62	url_424_424_424_	2016-05-12 05:31:34
362	name_394	url_957_957_957_	2016-05-11 23:28:34
363	name_751_751_7	url_20_20_20_	2016-05-12 05:27:34
364	name_596_596_5	url_320_32	2016-05-12 07:21:34
365	name_857	url_37_37_37	2016-05-12 08:44:34
366	name_818_81	url_669_669_6	2016-05-12 11:23:34
367	name_436_43	url_488_488_4	2016-05-12 13:22:34
368	name_349_349_3	url_871_871_8	2016-05-12 02:03:34
369	name_239_239_2	url_213_213_213_	2016-05-12 10:05:34
370	name_420_420_4	url_291_29	2016-05-12 11:03:34
371	name_676_676_6	url_512_51	2016-05-12 08:33:34
372	name_976_976_9	url_763_763_7	2016-05-12 07:01:34
373	name_29_29_29_2	url_971_971_9	2016-05-12 13:12:34
374	name_209_209_2	url_110_110_110_	2016-05-12 08:59:34
375	name_121_121_1	url_524_524_524_	2016-05-12 00:22:34
376	name_824	url_578_57	2016-05-12 13:38:34
377	name_136_13	url_792_792_792_	2016-05-12 01:30:34
378	name_366	url_768_768_768_	2016-05-12 07:23:34
379	name_681_68	url_94_94_94_94	2016-05-12 00:15:34
380	name_583	url_984_984_984_	2016-05-11 23:35:34
381	name_311_311_3	url_624_624_624_	2016-05-12 05:13:34
382	name_340_340_3	url_596_596_5	2016-05-12 06:15:34
383	name_716	url_242_24	2016-05-12 01:12:34
384	name_867_867_8	url_950_95	2016-05-12 06:37:34
385	name_469_46	url_78_7	2016-05-12 05:54:34
386	name_714	url_166_166_1	2016-05-12 03:53:34
387	name_502_502_5	url_833_833_8	2016-05-12 09:31:34
388	name_803_803_8	url_699_699_6	2016-05-12 08:36:34
389	name_733_73	url_719_719_719_	2016-05-12 06:24:34
390	name_991	url_459_45	2016-05-12 05:21:34
391	name_908	url_775_77	2016-05-12 03:44:34
392	name_597_597_5	url_712_71	2016-05-12 13:28:34
393	name_859	url_995_995_995_	2016-05-12 00:31:34
394	name_792_79	url_66_66	2016-05-12 01:11:34
395	name_586	url_786_78	2016-05-12 05:22:34
396	name_120_120_1	url_582_582_5	2016-05-12 14:06:34
397	name_538_538_5	url_740_740_740_	2016-05-12 02:25:34
398	name_659_65	url_138_138_138_	2016-05-12 04:29:34
399	name_516_51	url_975_97	2016-05-12 02:00:34
400	name_24_24	url_212_21	2016-05-11 23:46:34
401	name_59_59_59_5	url_423_42	2016-05-12 06:42:34
402	name_147	url_952_952_9	2016-05-11 23:11:34
403	name_367	url_558_558_5	2016-05-12 10:42:34
404	name_59_59_59_5	url_704_70	2016-05-12 01:21:34
405	name_660	url_854_854_854_	2016-05-12 08:54:34
406	name_845_84	url_845_84	2016-05-12 02:53:34
407	name_472	url_218_21	2016-05-12 01:33:34
408	name_253	url_865_865_865_	2016-05-12 04:40:34
409	name_360	url_909_909_9	2016-05-12 15:06:34
410	name_790_79	url_710_710_710_	2016-05-12 12:42:34
411	name_664	url_747_747_7	2016-05-12 01:20:34
412	name_351_35	url_479_479_479_	2016-05-12 01:06:34
413	name_912_912_9	url_1_1_1_1_1_1_	2016-05-12 00:36:34
414	name_415	url_649_649_649_	2016-05-12 02:48:34
415	name_504_504_5	url_891_89	2016-05-12 09:14:34
416	name_610_610_6	url_949_949_949_	2016-05-12 12:54:34
417	name_924_92	url_313_313_313_	2016-05-12 00:07:34
418	name_227	url_494_49	2016-05-12 07:09:34
419	name_580	url_561_56	2016-05-12 13:23:34
420	name_440	url_464_46	2016-05-12 05:44:34
421	name_531_531_5	url_804_80	2016-05-12 07:01:34
422	name_668	url_623_62	2016-05-12 09:50:34
423	name_957_95	url_884_884_884_	2016-05-12 09:11:34
424	name_297_297_2	url_865_865_865_	2016-05-11 23:47:34
425	name_975_975_9	url_694_69	2016-05-12 04:43:34
426	name_921_92	url_419_419_419_	2016-05-12 08:51:34
427	name_571_57	url_776_776_776_	2016-05-12 15:12:34
428	name_217_21	url_973_973_973_	2016-05-12 09:33:34
429	name_60_60_60_6	url_595_595_595_	2016-05-12 12:51:34
430	name_542_54	url_567_56	2016-05-12 08:03:34
431	name_832_832_8	url_976_976_976_	2016-05-12 14:48:34
432	name_719	url_291_29	2016-05-12 08:57:34
433	name_897_897_8	url_382_382_3	2016-05-12 04:32:34
434	name_157_157_1	url_527_527_527_	2016-05-12 10:40:34
435	name_969	url_843_843_843_	2016-05-12 05:28:34
436	name_864_864_8	url_479_479_479_	2016-05-12 06:20:34
437	name_494_49	url_185_185_1	2016-05-12 05:59:34
438	name_249_24	url_246_246_246_	2016-05-12 11:27:34
439	name_140	url_983_98	2016-05-12 03:08:34
440	name_866_866_8	url_958_958_9	2016-05-12 04:42:34
441	name_269_269_2	url_852_852_8	2016-05-12 07:31:34
442	name_585	url_19_19_19_1	2016-05-11 23:39:34
443	name_536_536_5	url_850_85	2016-05-12 09:03:34
444	name_710	url_623_62	2016-05-12 11:57:34
445	name_514_51	url_339_339_3	2016-05-12 15:00:34
446	name_353_35	url_180_18	2016-05-12 06:06:34
447	name_100_10	url_990_990_9	2016-05-12 05:25:34
448	name_441	url_426_42	2016-05-12 15:24:34
449	name_505_505_5	url_559_55	2016-05-12 07:22:34
450	name_315_315_3	url_669_669_6	2016-05-12 04:53:34
451	name_673_673_6	url_36_36_36	2016-05-12 01:06:34
452	name_634	url_634_63	2016-05-12 01:07:34
453	name_516_51	url_354_354_354_	2016-05-12 14:53:34
454	name_522	url_324_324_324_	2016-05-11 23:37:34
455	name_1000_1	url_408_408_408_	2016-05-11 23:37:34
456	name_489_489_4	url_345_34	2016-05-12 11:41:34
457	name_142	url_212_21	2016-05-12 01:13:34
458	name_179	url_88_88_88_88_	2016-05-12 04:03:34
459	name_865_865_8	url_803_803_8	2016-05-12 00:37:34
460	name_893_893_8	url_791_79	2016-05-12 10:31:34
461	name_341_341_3	url_736_736_7	2016-05-12 04:15:34
462	name_334	url_228_228_2	2016-05-12 13:57:34
463	name_846_84	url_622_622_6	2016-05-12 05:44:34
464	name_697	url_540_540_540_	2016-05-12 02:55:34
465	name_413	url_143_143_143_	2016-05-12 04:47:34
466	name_931	url_686_68	2016-05-12 11:12:34
467	name_33_3	url_411_411_4	2016-05-12 09:12:34
468	name_409_40	url_455_455_4	2016-05-12 13:11:34
469	name_923_92	url_547_547_5	2016-05-12 09:37:34
470	name_267_267_2	url_748_74	2016-05-12 02:32:34
471	name_697	url_346_346_346_	2016-05-12 06:53:34
472	name_710	url_723_72	2016-05-12 01:42:34
473	name_280	url_42_42_4	2016-05-12 14:36:34
474	name_872_87	url_450_45	2016-05-12 13:54:34
475	name_706_70	url_313_313_313_	2016-05-12 08:26:34
476	name_424_424_4	url_376_376_376_	2016-05-12 09:24:34
477	name_756_756_7	url_434_43	2016-05-12 06:43:34
478	name_559	url_68_68	2016-05-12 08:39:34
479	name_754_754_7	url_500_500_5	2016-05-12 09:41:34
480	name_566_566_5	url_721_721_721_	2016-05-12 00:53:34
481	name_561_561_5	url_957_957_957_	2016-05-12 08:39:34
482	name_430_43	url_14_14_14_1	2016-05-12 04:46:34
483	name_416	url_438_438_438_	2016-05-12 08:03:34
484	name_943_943_9	url_18_18_18_1	2016-05-12 12:02:34
485	name_919_919_9	url_204_20	2016-05-12 10:29:34
486	name_785_785_7	url_903_903_9	2016-05-12 05:03:34
487	name_748	url_94_94_94_94	2016-05-12 08:07:34
488	name_437_43	url_122_122_1	2016-05-12 01:35:34
489	name_220	url_842_84	2016-05-11 23:19:34
490	name_321_32	url_220_22	2016-05-12 12:17:34
491	name_696	url_600_600_6	2016-05-12 08:20:34
492	name_96_96_9	url_171_171_1	2016-05-12 06:20:34
493	name_338	url_141_141_1	2016-05-11 23:45:34
494	name_243_24	url_708_708_708_	2016-05-12 12:22:34
495	name_71_71_71_71	url_332_332_332_	2016-05-12 00:51:34
496	name_766_76	url_123_12	2016-05-12 08:07:34
497	name_417	url_668_668_668_	2016-05-12 01:21:34
498	name_522	url_261_26	2016-05-11 23:01:34
499	name_171	url_616_616_616_	2016-05-12 04:01:34
500	name_338	url_936_936_9	2016-05-12 14:25:34
501	name_74_74	url_805_805_805_	2016-05-12 05:10:34
502	name_830_830_8	url_943_943_943_	2016-05-12 09:20:34
503	name_679_679_6	url_51_51_	2016-05-12 07:59:34
504	name_141	url_86_86_86_86_	2016-05-12 12:43:34
505	name_928_92	url_54_54_	2016-05-12 08:50:34
506	name_512_51	url_733_733_7	2016-05-12 14:49:34
507	name_903	url_653_65	2016-05-12 13:09:34
508	name_686_68	url_497_49	2016-05-12 10:06:34
509	name_23_2	url_872_87	2016-05-12 10:16:34
510	name_859	url_363_363_3	2016-05-12 12:24:34
511	name_259	url_629_62	2016-05-12 08:36:34
512	name_859	url_403_403_4	2016-05-12 06:18:34
513	name_179	url_838_838_838_	2016-05-12 13:23:34
514	name_977_977_9	url_36_36_36	2016-05-12 01:18:34
515	name_202_202_2	url_776_776_776_	2016-05-11 23:59:34
516	name_629_62	url_160_160_1	2016-05-11 23:42:34
517	name_217_21	url_581_581_581_	2016-05-12 08:11:34
518	name_446	url_760_760_7	2016-05-12 01:06:34
519	name_847_84	url_229_22	2016-05-12 01:39:34
520	name_314_314_3	url_195_195_195_	2016-05-12 12:44:34
521	name_158_158_1	url_406_406_4	2016-05-12 09:07:34
522	name_127_127_1	url_222_222_2	2016-05-12 13:27:34
523	name_868_868_8	url_582_582_5	2016-05-12 03:50:34
524	name_193_19	url_20_20_20_	2016-05-12 10:11:34
525	name_352_35	url_772_77	2016-05-12 10:22:34
526	name_610_610_6	url_400_400_4	2016-05-12 09:06:34
527	name_421_421_4	url_670_670_670_	2016-05-12 04:03:34
528	name_973_973_9	url_143_143_143_	2016-05-12 05:23:34
529	name_731_73	url_300_300_3	2016-05-12 00:46:34
530	name_300	url_747_747_7	2016-05-11 23:19:34
531	name_181_181_1	url_133_133_1	2016-05-12 11:38:34
532	name_572_57	url_963_963_9	2016-05-12 05:36:34
533	name_255	url_523_52	2016-05-11 22:58:34
534	name_992	url_983_98	2016-05-12 02:57:34
535	name_188_188_1	url_926_92	2016-05-11 23:18:34
536	name_88_88_88_	url_492_492_492_	2016-05-12 03:20:34
537	name_398	url_87_87_87_87_	2016-05-12 02:24:34
538	name_176	url_192_192_192_	2016-05-12 08:00:34
539	name_577_57	url_787_787_787_	2016-05-12 04:43:34
540	name_545_54	url_565_565_565_	2016-05-12 06:38:34
541	name_972_972_9	url_460_460_4	2016-05-12 03:41:34
542	name_706_70	url_744_744_7	2016-05-12 10:38:34
543	name_700_70	url_746_746_746_	2016-05-12 06:51:34
544	name_322_32	url_998_998_998_	2016-05-11 23:25:34
545	name_708_70	url_291_29	2016-05-12 11:55:34
546	name_306	url_18_18_18_1	2016-05-12 09:08:34
547	name_118	url_144_144_1	2016-05-12 03:13:34
548	name_581	url_120_12	2016-05-12 06:58:34
549	name_711	url_485_485_4	2016-05-12 04:38:34
550	name_932	url_762_762_762_	2016-05-12 06:03:34
551	name_284	url_585_585_5	2016-05-12 06:51:34
552	name_369	url_470_470_470_	2016-05-12 06:48:34
553	name_955_95	url_800_800_8	2016-05-12 09:15:34
554	name_618_618_6	url_431_43	2016-05-12 08:21:34
555	name_766_76	url_634_63	2016-05-12 15:25:34
556	name_712	url_451_451_451_	2016-05-12 07:38:34
557	name_941_941_9	url_871_871_8	2016-05-12 04:12:34
558	name_468_46	url_437_43	2016-05-12 06:51:34
559	name_893_893_8	url_208_208_208_	2016-05-12 11:10:34
560	name_38_38_38_	url_955_955_9	2016-05-12 00:24:34
561	name_876_87	url_897_89	2016-05-11 23:41:34
562	name_262_262_2	url_498_498_498_	2016-05-12 13:11:34
563	name_739_73	url_926_92	2016-05-12 15:24:34
564	name_264_264_2	url_686_68	2016-05-12 14:06:34
565	name_161_16	url_993_993_9	2016-05-12 11:28:34
566	name_378_378_3	url_294_29	2016-05-12 04:24:34
567	name_340_340_3	url_285_285_2	2016-05-12 11:48:34
568	name_292_292_2	url_983_98	2016-05-12 08:25:34
569	name_523	url_949_949_949_	2016-05-12 13:37:34
570	name_635	url_527_527_527_	2016-05-12 08:11:34
571	name_17_17_17	url_896_896_8	2016-05-12 11:35:34
572	name_935	url_405_405_405_	2016-05-12 00:41:34
573	name_667	url_995_995_995_	2016-05-12 01:26:34
574	name_911_911_9	url_738_738_738_	2016-05-12 10:55:34
575	name_221	url_570_570_570_	2016-05-12 00:40:34
576	name_506_506_5	url_786_78	2016-05-12 06:50:34
577	name_544_54	url_653_65	2016-05-12 14:52:34
578	name_589	url_556_55	2016-05-12 04:21:34
579	name_578_57	url_830_830_8	2016-05-12 10:49:34
580	name_545_54	url_861_86	2016-05-12 05:50:34
581	name_594_594_5	url_400_400_4	2016-05-12 02:12:34
582	name_775	url_110_110_110_	2016-05-12 01:10:34
583	name_800_800_8	url_93_93_93_93	2016-05-12 02:36:34
584	name_659_65	url_498_498_498_	2016-05-11 22:57:34
585	name_283	url_465_465_465_	2016-05-11 23:53:34
586	name_320_32	url_459_45	2016-05-12 05:57:34
587	name_260_260_2	url_729_72	2016-05-12 06:36:34
588	name_273_27	url_724_724_724_	2016-05-12 09:33:34
589	name_291_291_2	url_566_566_5	2016-05-12 12:31:34
590	name_254	url_162_162_162_	2016-05-12 05:30:34
591	name_744	url_985_985_9	2016-05-12 07:55:34
592	name_590_590_5	url_485_485_4	2016-05-12 11:30:34
593	name_23_2	url_743_743_743_	2016-05-12 04:09:34
594	name_291_291_2	url_740_740_740_	2016-05-12 15:21:34
595	name_620_62	url_447_447_4	2016-05-12 00:25:34
596	name_816_81	url_881_881_881_	2016-05-12 11:50:34
597	name_646_646_6	url_668_668_668_	2016-05-12 14:27:34
598	name_82_	url_596_596_5	2016-05-12 01:17:34
599	name_81_81_81_81	url_176_176_176_	2016-05-12 08:39:34
600	name_732_73	url_327_327_327_	2016-05-12 11:33:34
601	name_691	url_14_14_14_1	2016-05-11 23:01:34
602	name_307	url_576_576_576_	2016-05-12 03:51:34
603	name_593_593_5	url_878_87	2016-05-12 01:44:34
604	name_708_70	url_126_12	2016-05-12 07:06:34
605	name_501_501_5	url_107_10	2016-05-11 23:49:34
606	name_894_894_8	url_911_911_9	2016-05-12 00:11:34
607	name_52_	url_205_205_205_	2016-05-12 08:17:34
608	name_378_378_3	url_250_25	2016-05-12 13:46:34
609	name_339	url_593_593_5	2016-05-12 09:17:34
610	name_644_644_6	url_726_72	2016-05-12 01:43:34
611	name_166_16	url_947_947_9	2016-05-12 07:43:34
612	name_474	url_344_344_3	2016-05-12 06:12:34
613	name_428_428_4	url_80_80_80_80_	2016-05-12 10:27:34
614	name_761_76	url_614_614_6	2016-05-12 07:15:34
615	name_34_34	url_9_9_9_	2016-05-12 08:32:34
616	name_141	url_615_61	2016-05-11 23:45:34
617	name_604	url_424_424_424_	2016-05-12 15:15:34
618	name_95_95_	url_224_224_224_	2016-05-12 15:02:34
619	name_807_807_8	url_320_32	2016-05-12 13:58:34
620	name_688_68	url_183_18	2016-05-12 13:46:34
621	name_239_239_2	url_436_436_4	2016-05-12 06:10:34
622	name_880	url_179_179_179_	2016-05-12 15:08:34
623	name_755_755_7	url_743_743_743_	2016-05-12 12:54:34
624	name_845_84	url_958_958_9	2016-05-12 08:04:34
625	name_503_503_5	url_953_95	2016-05-12 12:53:34
626	name_961	url_124_124_124_	2016-05-12 11:22:34
627	name_229	url_355_355_3	2016-05-12 07:44:34
628	name_943_943_9	url_543_543_543_	2016-05-12 09:36:34
629	name_960	url_237_23	2016-05-12 05:42:34
630	name_516_51	url_150_15	2016-05-12 03:12:34
631	name_428_428_4	url_704_70	2016-05-12 09:30:34
632	name_794_79	url_651_651_651_	2016-05-12 08:24:34
633	name_545_54	url_859_85	2016-05-12 00:47:34
634	name_508_508_5	url_636_636_6	2016-05-11 23:54:34
635	name_82_	url_369_369_3	2016-05-12 11:07:34
636	name_219_21	url_601_60	2016-05-12 00:59:34
637	name_263_263_2	url_579_579_579_	2016-05-12 09:50:34
638	name_400_40	url_552_552_5	2016-05-12 13:05:34
639	name_284	url_609_609_6	2016-05-12 00:12:34
640	name_722_722_7	url_908_908_908_	2016-05-12 03:52:34
641	name_23_2	url_549_549_549_	2016-05-12 07:10:34
642	name_563_563_5	url_919_919_919_	2016-05-11 22:48:34
643	name_954_95	url_331_33	2016-05-12 02:40:34
644	name_67_67_67	url_875_87	2016-05-12 08:04:34
645	name_226	url_833_833_8	2016-05-12 12:44:34
646	name_747	url_15_15_15_1	2016-05-12 10:52:34
647	name_771	url_613_613_613_	2016-05-12 01:33:34
648	name_668	url_675_67	2016-05-12 06:54:34
649	name_101_10	url_353_35	2016-05-12 01:58:34
650	name_413	url_497_49	2016-05-12 12:33:34
651	name_688_68	url_698_698_698_	2016-05-12 06:00:34
652	name_285	url_393_393_3	2016-05-12 01:47:34
653	name_557	url_201_20	2016-05-12 08:23:34
654	name_983_98	url_666_666_6	2016-05-12 03:59:34
655	name_934	url_847_847_8	2016-05-12 13:23:34
656	name_538_538_5	url_747_747_7	2016-05-12 12:51:34
657	name_84_84	url_961_96	2016-05-12 13:50:34
658	name_566_566_5	url_434_43	2016-05-12 08:06:34
659	name_466_46	url_833_833_8	2016-05-12 11:18:34
660	name_384_38	url_607_60	2016-05-12 12:19:34
661	name_282	url_531_53	2016-05-12 15:10:34
662	name_945_945_9	url_438_438_438_	2016-05-12 03:12:34
663	name_542_54	url_937_93	2016-05-12 14:27:34
664	name_60_60_60_6	url_327_327_327_	2016-05-12 15:10:34
665	name_282	url_361_36	2016-05-12 07:19:34
666	name_266_266_2	url_278_27	2016-05-12 03:22:34
667	name_796_79	url_885_885_8	2016-05-12 11:42:34
668	name_814_81	url_275_27	2016-05-12 10:11:34
669	name_250	url_584_584_584_	2016-05-12 13:14:34
670	name_2_2	url_135_135_135_	2016-05-12 01:09:34
671	name_967	url_307_30	2016-05-12 02:11:34
672	name_462_46	url_618_61	2016-05-12 06:22:34
673	name_326_32	url_90_90_90_90	2016-05-12 12:35:34
674	name_245_24	url_937_93	2016-05-12 08:49:34
675	name_838_838_8	url_643_643_643_	2016-05-12 08:22:34
676	name_579_57	url_589_58	2016-05-12 10:47:34
677	name_858	url_950_95	2016-05-12 12:37:34
678	name_396	url_120_12	2016-05-12 12:28:34
679	name_255	url_332_332_332_	2016-05-12 05:50:34
680	name_768_76	url_794_79	2016-05-12 10:07:34
681	name_916_916_9	url_89_89_89_89_	2016-05-12 09:18:34
682	name_500_500_5	url_722_722_7	2016-05-12 14:56:34
683	name_132_13	url_398_398_398_	2016-05-12 05:06:34
684	name_476	url_869_869_8	2016-05-12 06:14:34
685	name_131_13	url_699_699_6	2016-05-12 06:04:34
686	name_30_30_30_3	url_33_33_33	2016-05-12 06:31:34
687	name_435_43	url_174_174_1	2016-05-12 11:03:34
688	name_983_98	url_659_65	2016-05-12 11:07:34
689	name_902	url_803_803_8	2016-05-12 12:42:34
690	name_223	url_722_722_7	2016-05-12 06:20:34
691	name_323_32	url_954_954_954_	2016-05-12 06:26:34
692	name_799_79	url_153_15	2016-05-12 14:12:34
693	name_296_296_2	url_550_55	2016-05-11 23:06:34
694	name_785_785_7	url_648_64	2016-05-12 12:18:34
695	name_531_531_5	url_915_91	2016-05-12 15:21:34
696	name_67_67_67	url_653_65	2016-05-12 01:55:34
697	name_829	url_492_492_492_	2016-05-12 13:31:34
698	name_901	url_918_91	2016-05-12 09:13:34
699	name_5_5	url_702_702_702_	2016-05-12 08:57:34
700	name_573_57	url_858_858_8	2016-05-12 05:59:34
701	name_432_43	url_772_77	2016-05-12 14:09:34
702	name_856	url_823_82	2016-05-12 10:15:34
703	name_356_35	url_665_665_665_	2016-05-12 07:33:34
704	name_519_51	url_847_847_8	2016-05-12 10:53:34
705	name_480_480_4	url_91_91_91_91	2016-05-12 06:32:34
706	name_443	url_13_13_13_1	2016-05-12 04:36:34
707	name_16_16_1	url_363_363_3	2016-05-12 02:54:34
708	name_466_46	url_892_892_892_	2016-05-11 23:39:34
709	name_841_84	url_395_395_395_	2016-05-12 03:43:34
710	name_665	url_53_53_	2016-05-12 09:46:34
711	name_968	url_705_705_705_	2016-05-12 08:09:34
712	name_541_54	url_1_1_1_1_1_1_	2016-05-12 07:17:34
713	name_815_81	url_339_339_3	2016-05-12 13:10:34
714	name_431_43	url_320_32	2016-05-12 11:26:34
715	name_761_76	url_752_752_7	2016-05-12 13:48:34
716	name_987_98	url_106_106_1	2016-05-12 04:58:34
717	name_689_68	url_222_222_2	2016-05-12 14:01:34
718	name_116	url_701_70	2016-05-12 06:04:34
719	name_452_452_4	url_417_417_4	2016-05-12 00:07:34
720	name_253	url_930_930_9	2016-05-12 01:34:34
721	name_396	url_955_955_9	2016-05-12 01:15:34
722	name_912_912_9	url_349_349_349_	2016-05-12 01:37:34
723	name_325_32	url_803_803_8	2016-05-11 23:54:34
724	name_846_84	url_503_503_5	2016-05-12 01:35:34
725	name_928_92	url_274_274_2	2016-05-12 07:39:34
726	name_406_40	url_240_240_240_	2016-05-12 00:32:34
727	name_810_81	url_297_29	2016-05-12 06:24:34
728	name_392	url_124_124_124_	2016-05-12 05:19:34
729	name_745	url_77_7	2016-05-12 01:43:34
730	name_543_54	url_84_84_84_84_	2016-05-12 06:36:34
731	name_985_98	url_1000	2016-05-12 01:12:34
732	name_446	url_307_30	2016-05-12 01:01:34
733	name_346_346_3	url_791_79	2016-05-12 01:10:34
734	name_585	url_457_457_457_	2016-05-12 11:47:34
735	name_128_128_1	url_67_67	2016-05-12 06:00:34
736	name_585	url_191_19	2016-05-12 08:26:34
737	name_464_46	url_486_48	2016-05-12 03:38:34
738	name_458_458_4	url_101_10	2016-05-12 11:21:34
739	name_248_24	url_320_32	2016-05-12 04:19:34
740	name_765_76	url_66_66	2016-05-12 05:09:34
741	name_501_501_5	url_454_454_454_	2016-05-12 14:27:34
742	name_170	url_310_310_310_	2016-05-12 08:55:34
743	name_183_183_1	url_518_51	2016-05-12 02:48:34
744	name_940_940_9	url_73_7	2016-05-12 12:14:34
745	name_849_84	url_415_41	2016-05-12 01:11:34
746	name_647_647_6	url_20_20_20_	2016-05-12 06:52:34
747	name_591_591_5	url_393_393_3	2016-05-12 01:45:34
748	name_673_673_6	url_473_473_473_	2016-05-12 11:22:34
749	name_516_51	url_478_47	2016-05-12 06:12:34
750	name_506_506_5	url_60_60	2016-05-12 00:00:34
751	name_982_98	url_680_68	2016-05-12 00:55:34
752	name_330	url_797_79	2016-05-12 12:36:34
753	name_623_62	url_474_474_4	2016-05-12 09:47:34
754	name_691	url_203_203_2	2016-05-12 13:15:34
755	name_750_750_7	url_374_374_3	2016-05-12 13:35:34
756	name_466_46	url_490_490_4	2016-05-12 14:08:34
757	name_485_485_4	url_72_7	2016-05-12 01:22:34
758	name_784_784_7	url_255_255_2	2016-05-12 06:02:34
759	name_492_49	url_104_10	2016-05-11 23:52:34
760	name_430_43	url_11_11_11_1	2016-05-12 01:49:34
761	name_379_379_3	url_464_46	2016-05-12 05:23:34
762	name_715	url_886_88	2016-05-12 09:10:34
763	name_543_54	url_499_499_4	2016-05-12 07:00:34
764	name_374_374_3	url_456_45	2016-05-11 23:10:34
765	name_668	url_354_354_354_	2016-05-12 08:40:34
766	name_955_95	url_650_65	2016-05-12 12:08:34
767	name_786_786_7	url_287_287_287_	2016-05-12 12:27:34
768	name_670_670_6	url_292_292_292_	2016-05-12 14:36:34
769	name_428_428_4	url_11_11_11_1	2016-05-12 09:30:34
770	name_352_35	url_420_42	2016-05-12 04:22:34
771	name_414	url_90_90_90_90	2016-05-12 01:37:34
772	name_22_	url_421_421_421_	2016-05-12 08:19:34
773	name_448	url_432_432_432_	2016-05-12 05:27:34
774	name_19_19_19_1	url_860_860_8	2016-05-12 12:01:34
775	name_889	url_224_224_224_	2016-05-12 11:26:34
776	name_707_70	url_716_716_716_	2016-05-12 12:28:34
777	name_100_10	url_773_773_773_	2016-05-12 11:02:34
778	name_418	url_534_53	2016-05-12 08:57:34
779	name_994	url_433_433_4	2016-05-12 10:06:34
780	name_202_202_2	url_545_54	2016-05-12 09:55:34
781	name_558	url_381_381_381_	2016-05-12 15:25:34
782	name_756_756_7	url_785_785_7	2016-05-12 02:11:34
783	name_727_727_7	url_466_466_4	2016-05-12 10:05:34
784	name_11_11_11_11	url_53_53_	2016-05-12 09:30:34
785	name_148	url_347_347_3	2016-05-12 02:23:34
786	name_275_27	url_938_938_938_	2016-05-12 07:25:34
787	name_663	url_426_42	2016-05-12 00:13:34
788	name_585	url_37_37_37	2016-05-12 08:20:34
789	name_176	url_711_711_7	2016-05-12 09:24:34
790	name_326_32	url_939_939_9	2016-05-12 13:07:34
791	name_422_422_4	url_942_94	2016-05-12 10:48:34
792	name_609	url_658_658_6	2016-05-12 02:15:34
793	name_43_4	url_856_85	2016-05-12 12:26:34
794	name_787_787_7	url_644_644_6	2016-05-12 14:40:34
795	name_521	url_552_552_5	2016-05-12 00:15:34
796	name_928_92	url_338_338_338_	2016-05-12 00:40:34
797	name_451_451_4	url_542_54	2016-05-12 09:08:34
798	name_581	url_967_96	2016-05-12 15:23:34
799	name_238_238_2	url_929_92	2016-05-12 13:20:34
800	name_54_54	url_24_24_24_	2016-05-12 12:16:34
801	name_523	url_746_746_746_	2016-05-12 03:48:34
802	name_794_79	url_881_881_881_	2016-05-12 04:07:34
803	name_536_536_5	url_151_151_151_	2016-05-12 04:19:34
804	name_894_894_8	url_324_324_324_	2016-05-12 10:00:34
805	name_839_839_8	url_718_71	2016-05-12 11:40:34
806	name_932	url_291_29	2016-05-11 22:48:34
807	name_64_64	url_851_851_851_	2016-05-12 04:11:34
808	name_504_504_5	url_681_681_681_	2016-05-12 11:52:34
809	name_742	url_954_954_954_	2016-05-12 14:38:34
810	name_848_84	url_258_258_2	2016-05-12 12:35:34
811	name_843_84	url_107_10	2016-05-12 13:33:34
812	name_210_21	url_596_596_5	2016-05-12 04:22:34
813	name_51_51_51_51	url_981_981_981_	2016-05-11 23:30:34
814	name_949_949_9	url_55_55_	2016-05-12 05:24:34
815	name_179	url_108_108_108_	2016-05-12 08:18:34
816	name_764_76	url_30_30_30	2016-05-12 01:57:34
817	name_27_27_27	url_868_868_868_	2016-05-12 02:52:34
818	name_122_122_1	url_371_371_3	2016-05-12 06:05:34
819	name_66_66_6	url_278_27	2016-05-12 06:34:34
820	name_806_806_8	url_897_89	2016-05-12 12:12:34
821	name_370_370_3	url_157_157_157_	2016-05-12 13:49:34
822	name_972_972_9	url_606_606_6	2016-05-12 13:31:34
823	name_812_81	url_335_335_335_	2016-05-12 06:04:34
824	name_131_13	url_326_32	2016-05-12 02:38:34
825	name_116	url_164_16	2016-05-11 23:37:34
826	name_930	url_71_7	2016-05-12 05:05:34
827	name_412	url_661_66	2016-05-12 02:19:34
828	name_73_7	url_230_230_2	2016-05-11 23:47:34
829	name_742	url_853_85	2016-05-12 10:45:34
830	name_618_618_6	url_50_50_	2016-05-12 05:11:34
831	name_957_95	url_982_982_9	2016-05-12 09:10:34
832	name_176	url_83_83_83_83_	2016-05-12 12:50:34
833	name_516_51	url_673_673_673_	2016-05-12 12:37:34
834	name_411	url_621_621_621_	2016-05-12 11:21:34
835	name_815_81	url_499_499_4	2016-05-12 14:41:34
836	name_668	url_599_599_5	2016-05-12 11:37:34
837	name_228	url_267_26	2016-05-12 11:48:34
838	name_473	url_344_344_3	2016-05-12 03:34:34
839	name_455_455_4	url_221_221_221_	2016-05-12 12:03:34
840	name_7_7_7_7_7	url_167_16	2016-05-12 00:43:34
841	name_753_753_7	url_792_792_792_	2016-05-12 14:59:34
842	name_817_81	url_548_54	2016-05-12 14:37:34
843	name_439_43	url_424_424_424_	2016-05-11 23:12:34
844	name_393	url_528_528_5	2016-05-12 05:13:34
845	name_162_16	url_3_3_3_	2016-05-12 13:41:34
846	name_358_35	url_494_49	2016-05-12 04:04:34
847	name_294_294_2	url_21_21_21_	2016-05-12 02:50:34
848	name_270_27	url_405_405_405_	2016-05-12 02:09:34
849	name_846_84	url_767_76	2016-05-12 06:12:34
850	name_991	url_154_154_154_	2016-05-12 15:00:34
851	name_510_51	url_36_36_36	2016-05-12 03:16:34
852	name_132_13	url_478_47	2016-05-12 05:39:34
853	name_685_68	url_892_892_892_	2016-05-12 01:09:34
854	name_242_24	url_260_260_2	2016-05-12 07:42:34
855	name_415	url_623_62	2016-05-12 01:10:34
856	name_989_98	url_333_333_3	2016-05-11 23:21:34
857	name_418	url_340_340_340_	2016-05-12 01:18:34
858	name_239_239_2	url_687_687_687_	2016-05-12 03:22:34
859	name_703_70	url_346_346_346_	2016-05-12 04:01:34
860	name_902	url_463_463_4	2016-05-12 13:11:34
861	name_1000_1	url_194_19	2016-05-12 06:58:34
862	name_469_46	url_125_125_1	2016-05-12 00:39:34
863	name_394	url_451_451_451_	2016-05-12 06:11:34
864	name_278_27	url_405_405_405_	2016-05-12 07:30:34
865	name_725_725_7	url_115_11	2016-05-12 13:21:34
866	name_912_912_9	url_541_541_5	2016-05-12 10:33:34
867	name_429_429_4	url_465_465_465_	2016-05-12 09:10:34
868	name_840_84	url_390_390_3	2016-05-12 08:42:34
869	name_168_16	url_696_696_6	2016-05-12 10:04:34
870	name_982_98	url_442_44	2016-05-12 03:27:34
871	name_825	url_150_15	2016-05-12 06:07:34
872	name_172	url_281_281_281_	2016-05-12 08:27:34
873	name_658_65	url_153_15	2016-05-12 08:09:34
874	name_515_51	url_755_755_7	2016-05-12 03:39:34
875	name_207_207_2	url_682_682_6	2016-05-12 14:11:34
876	name_822	url_285_285_2	2016-05-12 15:16:34
877	name_199_19	url_696_696_6	2016-05-12 00:54:34
878	name_951_95	url_43_43_4	2016-05-12 06:59:34
879	name_753_753_7	url_507_50	2016-05-12 07:35:34
880	name_130_13	url_109_109_1	2016-05-12 02:45:34
881	name_845_84	url_672_67	2016-05-12 12:36:34
882	name_658_65	url_896_896_8	2016-05-12 15:16:34
883	name_448	url_120_12	2016-05-12 15:17:34
884	name_552	url_52_52_	2016-05-12 15:13:34
885	name_927_92	url_125_125_1	2016-05-12 02:27:34
886	name_940_940_9	url_846_846_846_	2016-05-12 12:33:34
887	name_705_70	url_590_590_5	2016-05-12 04:28:34
888	name_457_457_4	url_416_416_416_	2016-05-12 09:01:34
889	name_711	url_761_76	2016-05-12 01:03:34
890	name_536_536_5	url_796_796_7	2016-05-12 10:36:34
891	name_958_95	url_703_703_7	2016-05-12 06:46:34
892	name_329_32	url_386_38	2016-05-12 10:58:34
893	name_444	url_481_481_481_	2016-05-12 10:50:34
894	name_326_32	url_880_88	2016-05-12 13:30:34
895	name_705_70	url_695_695_695_	2016-05-12 11:50:34
896	name_522	url_883_88	2016-05-12 13:19:34
897	name_923_92	url_270_270_270_	2016-05-12 01:38:34
898	name_261_261_2	url_386_38	2016-05-12 10:22:34
899	name_656_65	url_482_482_4	2016-05-12 12:12:34
900	name_346_346_3	url_694_69	2016-05-12 10:16:34
901	name_202_202_2	url_860_860_8	2016-05-12 02:03:34
902	name_662	url_631_63	2016-05-12 02:37:34
903	name_447	url_274_274_2	2016-05-12 08:06:34
904	name_757_757_7	url_754_754_754_	2016-05-12 15:02:34
905	name_345_345_3	url_248_24	2016-05-12 06:24:34
906	name_205_205_2	url_817_817_8	2016-05-12 07:02:34
907	name_167_16	url_813_813_813_	2016-05-12 00:28:34
908	name_522	url_870_870_870_	2016-05-12 14:31:34
909	name_646_646_6	url_587_587_587_	2016-05-12 13:43:34
910	name_612_612_6	url_518_51	2016-05-12 04:56:34
911	name_633	url_310_310_310_	2016-05-12 03:59:34
912	name_631	url_547_547_5	2016-05-12 12:36:34
913	name_418	url_381_381_381_	2016-05-12 13:00:34
914	name_655_65	url_112_11	2016-05-12 12:19:34
915	name_173	url_623_62	2016-05-12 14:29:34
916	name_833_833_8	url_320_32	2016-05-12 08:46:34
917	name_815_81	url_168_168_168_	2016-05-12 07:00:34
918	name_98_98_98_	url_995_995_995_	2016-05-12 10:54:34
919	name_488_488_4	url_481_481_481_	2016-05-12 06:38:34
920	name_958_95	url_450_45	2016-05-12 10:25:34
921	name_938	url_696_696_6	2016-05-12 07:16:34
922	name_783_783_7	url_592_592_592_	2016-05-12 03:36:34
923	name_474	url_819_819_819_	2016-05-12 02:19:34
924	name_801_801_8	url_500_500_5	2016-05-12 06:37:34
925	name_718	url_822_822_8	2016-05-12 06:13:34
926	name_415	url_73_7	2016-05-12 05:04:34
927	name_702_70	url_422_422_4	2016-05-11 23:04:34
928	name_286	url_316_316_316_	2016-05-12 08:16:34
929	name_303	url_873_873_873_	2016-05-12 14:17:34
930	name_566_566_5	url_482_482_4	2016-05-12 13:21:34
931	name_49_49_49_4	url_840_840_840_	2016-05-12 14:46:34
932	name_502_502_5	url_610_610_610_	2016-05-12 06:01:34
933	name_289	url_441_441_4	2016-05-12 11:02:34
934	name_394	url_822_822_8	2016-05-12 06:27:34
935	name_817_81	url_343_343_343_	2016-05-12 13:25:34
936	name_216_21	url_307_30	2016-05-12 05:30:34
937	name_182_182_1	url_467_46	2016-05-12 12:22:34
938	name_856	url_720_72	2016-05-11 23:17:34
939	name_17_17_17	url_41_41_4	2016-05-11 23:11:34
940	name_453_453_4	url_311_311_3	2016-05-12 05:25:34
941	name_202_202_2	url_408_408_408_	2016-05-12 02:53:34
942	name_524	url_539_539_5	2016-05-12 01:49:34
943	name_465_46	url_224_224_224_	2016-05-12 05:33:34
944	name_654_65	url_191_19	2016-05-12 06:59:34
945	name_917_917_9	url_124_124_124_	2016-05-12 12:34:34
946	name_253	url_806_806_8	2016-05-12 12:48:34
947	name_912_912_9	url_884_884_884_	2016-05-11 23:36:34
948	name_276_27	url_831_83	2016-05-12 09:17:34
949	name_14_14	url_410_410_410_	2016-05-12 05:41:34
950	name_212_21	url_888_888_8	2016-05-12 04:05:34
951	name_981_98	url_812_81	2016-05-12 06:17:34
952	name_983_98	url_502_502_502_	2016-05-12 08:11:34
953	name_269_269_2	url_222_222_2	2016-05-12 00:22:34
954	name_781_781_7	url_714_714_7	2016-05-12 01:12:34
955	name_437_43	url_245_24	2016-05-12 14:55:34
956	name_584	url_208_208_208_	2016-05-12 13:02:34
957	name_665	url_777_777_7	2016-05-12 04:54:34
958	name_274_27	url_89_89_89_89_	2016-05-11 23:34:34
959	name_268_268_2	url_845_84	2016-05-12 02:11:34
960	name_989_98	url_574_574_5	2016-05-12 11:06:34
961	name_331	url_234_23	2016-05-12 04:00:34
962	name_291_291_2	url_127_127_127_	2016-05-12 13:54:34
963	name_443	url_963_963_9	2016-05-11 23:00:34
964	name_118	url_155_155_1	2016-05-12 12:57:34
965	name_90_90_90_9	url_439_439_4	2016-05-12 10:28:34
966	name_476	url_58_58_	2016-05-12 08:51:34
967	name_80_80_80_8	url_993_993_9	2016-05-12 06:57:34
968	name_520	url_312_31	2016-05-12 00:32:34
969	name_569_569_5	url_269_269_2	2016-05-12 12:38:34
970	name_727_727_7	url_593_593_5	2016-05-12 11:00:34
971	name_34_34	url_721_721_721_	2016-05-12 12:34:34
972	name_861_861_8	url_253_25	2016-05-12 08:16:34
973	name_527	url_642_64	2016-05-12 14:00:34
974	name_278_27	url_165_165_165_	2016-05-12 01:13:34
975	name_707_70	url_660_660_6	2016-05-12 11:53:34
976	name_485_485_4	url_167_16	2016-05-12 01:05:34
977	name_897_897_8	url_76_7	2016-05-12 05:49:34
978	name_832_832_8	url_248_24	2016-05-12 04:30:34
979	name_722_722_7	url_513_513_513_	2016-05-12 03:40:34
980	name_396	url_639_639_6	2016-05-12 02:18:34
981	name_978_978_9	url_152_152_1	2016-05-12 10:51:34
982	name_169_16	url_201_20	2016-05-12 09:50:34
983	name_857	url_646_646_646_	2016-05-12 03:58:34
984	name_874_87	url_94_94_94_94	2016-05-12 06:28:34
985	name_74_74	url_921_921_921_	2016-05-12 15:25:34
986	name_736_73	url_914_914_9	2016-05-11 23:11:34
987	name_129_129_1	url_133_133_1	2016-05-12 01:30:34
988	name_836_836_8	url_344_344_3	2016-05-12 01:55:34
989	name_962	url_596_596_5	2016-05-12 08:49:34
990	name_644_644_6	url_730_730_7	2016-05-12 03:17:34
991	name_223	url_559_55	2016-05-12 14:42:34
992	name_387_38	url_278_27	2016-05-12 14:31:34
993	name_163_16	url_51_51_	2016-05-12 04:19:34
994	name_838_838_8	url_723_72	2016-05-12 10:20:34
995	name_578_57	url_992_992_992_	2016-05-12 14:43:34
996	name_888	url_476_476_476_	2016-05-12 01:24:34
997	name_588	url_854_854_854_	2016-05-12 08:35:34
998	name_434_43	url_217_217_2	2016-05-12 14:55:34
999	name_880	url_707_70	2016-05-12 12:20:34
1000	name_90_90_90_9	url_345_34	2016-05-12 15:17:34
\.

-- fill table products (1000)
\echo # filling table products (1000)
COPY products (id,name,url,stores_id,creation_date) FROM STDIN (ENCODING 'utf-8');
1	name_757_757_7	url_198_198_198_	987	2016-05-12 01:45:34
2	name_426_426_4	url_614_614_6	453	2016-05-11 22:57:34
3	name_973_973_9	url_3_3_3_	944	2016-05-12 14:47:34
4	name_409_40	url_443_443_443_	698	2016-05-12 08:14:34
5	name_698	url_763_763_7	290	2016-05-12 05:48:34
6	name_814_81	url_57_57_	243	2016-05-12 14:02:34
7	name_13_1	url_917_917_9	31	2016-05-12 08:10:34
8	name_130_13	url_61_61	320	2016-05-12 03:31:34
9	name_967	url_358_358_3	654	2016-05-12 05:29:34
10	name_10_10_10_1	url_8_8_8_8_8	953	2016-05-12 03:48:34
11	name_155_155_1	url_477_477_4	750	2016-05-12 10:24:34
12	name_666	url_321_321_321_	824	2016-05-12 05:25:34
13	name_276_27	url_822_822_8	166	2016-05-12 10:22:34
14	name_170	url_50_50_	345	2016-05-12 10:02:34
15	name_331	url_214_214_2	266	2016-05-12 02:47:34
16	name_890_890_8	url_761_76	676	2016-05-12 10:11:34
17	name_830_830_8	url_879_879_879_	478	2016-05-12 13:04:34
18	name_413	url_353_35	284	2016-05-11 23:37:34
19	name_51_51_51_51	url_628_628_6	781	2016-05-12 01:15:34
20	name_93_9	url_191_19	19	2016-05-11 23:12:34
21	name_251	url_32_32_32	211	2016-05-11 22:46:34
22	name_213_21	url_110_110_110_	426	2016-05-12 01:23:34
23	name_319_319_3	url_261_26	796	2016-05-12 04:42:34
24	name_691	url_508_508_508_	215	2016-05-12 13:06:34
25	name_934	url_385_385_3	491	2016-05-12 12:08:34
26	name_121_121_1	url_726_72	649	2016-05-12 07:23:34
27	name_20_20_20_2	url_18_18_18_1	464	2016-05-12 08:09:34
28	name_969	url_481_481_481_	962	2016-05-12 13:04:34
29	name_772	url_150_15	388	2016-05-12 03:27:34
30	name_783_783_7	url_401_40	998	2016-05-12 03:52:34
31	name_273_27	url_194_19	816	2016-05-12 08:42:34
32	name_36_36_3	url_322_322_3	137	2016-05-12 15:03:34
33	name_871_87	url_382_382_3	258	2016-05-12 05:52:34
34	name_432_43	url_643_643_643_	248	2016-05-12 00:14:34
35	name_981_98	url_545_54	806	2016-05-12 14:18:34
36	name_608	url_92_92_92_92	957	2016-05-12 14:40:34
37	name_422_422_4	url_889_88	324	2016-05-12 05:41:34
38	name_828	url_225_225_2	926	2016-05-12 01:18:34
39	name_771	url_684_684_684_	619	2016-05-12 15:18:34
40	name_376_376_3	url_627_627_627_	186	2016-05-12 09:54:34
41	name_293_293_2	url_176_176_176_	793	2016-05-12 10:40:34
42	name_518_51	url_831_83	293	2016-05-12 12:10:34
43	name_272_27	url_408_408_408_	452	2016-05-12 11:54:34
44	name_862_862_8	url_162_162_162_	159	2016-05-12 07:44:34
45	name_476	url_883_88	270	2016-05-12 03:04:34
46	name_31_31_31_31	url_628_628_6	385	2016-05-12 14:16:34
47	name_447	url_155_155_1	238	2016-05-12 09:13:34
48	name_919_919_9	url_815_81	427	2016-05-12 09:25:34
49	name_325_32	url_944_944_9	159	2016-05-12 10:40:34
50	name_130_13	url_147_147_1	906	2016-05-12 02:54:34
51	name_336	url_386_38	513	2016-05-12 12:44:34
52	name_305	url_559_55	347	2016-05-12 11:00:34
53	name_933	url_697_69	583	2016-05-12 10:49:34
54	name_262_262_2	url_896_896_8	957	2016-05-12 05:32:34
55	name_897_897_8	url_940_940_940_	394	2016-05-12 13:29:34
56	name_38_38_38_	url_266_266_2	792	2016-05-12 15:03:34
57	name_238_238_2	url_181_181_181_	656	2016-05-12 10:16:34
58	name_140	url_381_381_381_	689	2016-05-12 05:57:34
59	name_923_92	url_482_482_4	58	2016-05-12 02:15:34
60	name_294_294_2	url_370_370_370_	781	2016-05-12 00:47:34
61	name_182_182_1	url_101_10	851	2016-05-12 03:52:34
62	name_123_123_1	url_885_885_8	232	2016-05-12 04:32:34
63	name_847_84	url_704_70	32	2016-05-12 04:22:34
64	name_883	url_330_330_3	706	2016-05-11 23:08:34
65	name_252	url_333_333_3	584	2016-05-12 00:08:34
66	name_900	url_977_977_9	360	2016-05-12 11:28:34
67	name_242_24	url_893_893_8	744	2016-05-12 04:11:34
68	name_644_644_6	url_585_585_5	952	2016-05-12 05:06:34
69	name_388_38	url_962_962_962_	697	2016-05-12 03:40:34
70	name_4_4_4_4_4	url_370_370_370_	855	2016-05-12 03:40:34
71	name_646_646_6	url_932_932_932_	611	2016-05-12 10:12:34
72	name_192_19	url_41_41_4	666	2016-05-12 09:20:34
73	name_889	url_62_62	49	2016-05-11 23:49:34
74	name_944_944_9	url_610_610_610_	248	2016-05-12 12:31:34
75	name_415	url_568_568_568_	297	2016-05-12 08:44:34
76	name_894_894_8	url_333_333_3	427	2016-05-12 10:56:34
77	name_570_57	url_860_860_8	473	2016-05-12 09:45:34
78	name_267_267_2	url_573_573_573_	993	2016-05-12 06:58:34
79	name_241_24	url_881_881_881_	447	2016-05-12 04:19:34
80	name_185_185_1	url_144_144_1	478	2016-05-12 04:30:34
81	name_883	url_264_26	119	2016-05-12 05:04:34
82	name_846_84	url_408_408_408_	596	2016-05-12 10:00:34
83	name_442	url_120_12	21	2016-05-12 11:36:34
84	name_347_347_3	url_652_652_6	86	2016-05-12 15:18:34
85	name_765_76	url_153_15	811	2016-05-12 06:27:34
86	name_322_32	url_342_34	727	2016-05-12 01:55:34
87	name_104_10	url_521_521_521_	819	2016-05-12 00:30:34
88	name_491_49	url_244_244_2	833	2016-05-12 10:01:34
89	name_480_480_4	url_162_162_162_	97	2016-05-12 11:01:34
90	name_683_68	url_639_639_6	636	2016-05-12 09:00:34
91	name_220	url_214_214_2	862	2016-05-12 07:13:34
92	name_914_914_9	url_32_32_32	926	2016-05-12 06:27:34
93	name_68_68_68_	url_24_24_24_	299	2016-05-12 01:55:34
94	name_644_644_6	url_840_840_840_	769	2016-05-12 07:26:34
95	name_511_51	url_754_754_754_	292	2016-05-12 06:02:34
96	name_341_341_3	url_543_543_543_	547	2016-05-12 03:15:34
97	name_502_502_5	url_681_681_681_	550	2016-05-12 12:20:34
98	name_652_65	url_881_881_881_	105	2016-05-11 23:21:34
99	name_629_62	url_293_293_2	494	2016-05-11 23:48:34
100	name_420_420_4	url_717_717_7	639	2016-05-12 10:41:34
101	name_436_43	url_523_52	366	2016-05-12 08:05:34
102	name_137_13	url_143_143_143_	125	2016-05-12 12:22:34
103	name_505_505_5	url_994_99	656	2016-05-12 01:01:34
104	name_460_46	url_579_579_579_	716	2016-05-12 09:04:34
105	name_536_536_5	url_849_849_849_	605	2016-05-12 00:55:34
106	name_616_616_6	url_782_782_7	511	2016-05-12 09:07:34
107	name_183_183_1	url_949_949_949_	433	2016-05-12 14:23:34
108	name_233_233_2	url_824_824_824_	397	2016-05-12 00:56:34
109	name_894_894_8	url_288_288_2	953	2016-05-11 23:32:34
110	name_273_27	url_114_114_1	424	2016-05-12 08:07:34
111	name_35_35_	url_378_37	842	2016-05-12 01:55:34
112	name_119	url_594_59	759	2016-05-12 12:20:34
113	name_941_941_9	url_307_30	589	2016-05-12 05:59:34
114	name_582	url_918_91	453	2016-05-12 01:59:34
115	name_199_19	url_879_879_879_	208	2016-05-12 02:34:34
116	name_64_64	url_318_31	406	2016-05-12 01:48:34
117	name_826	url_461_46	455	2016-05-12 03:06:34
118	name_910_910_9	url_290_290_2	19	2016-05-12 06:42:34
119	name_631	url_145_14	39	2016-05-12 06:48:34
120	name_271_27	url_432_432_432_	540	2016-05-12 07:12:34
121	name_715	url_242_24	767	2016-05-12 12:01:34
122	name_424_424_4	url_14_14_14_1	387	2016-05-12 00:29:34
123	name_597_597_5	url_948_94	297	2016-05-12 03:18:34
124	name_898_898_8	url_322_322_3	591	2016-05-12 13:50:34
125	name_893_893_8	url_459_45	148	2016-05-12 05:05:34
126	name_979_979_9	url_630_630_6	357	2016-05-11 23:15:34
127	name_487_487_4	url_443_443_443_	655	2016-05-11 23:46:34
128	name_991	url_839_839_8	437	2016-05-12 02:38:34
129	name_704_70	url_747_747_7	590	2016-05-12 03:37:34
130	name_11_11_11_11	url_461_46	259	2016-05-12 13:05:34
131	name_576_57	url_699_699_6	348	2016-05-12 09:19:34
132	name_957_95	url_557_557_557_	868	2016-05-12 04:58:34
133	name_337	url_146_146_146_	98	2016-05-12 07:55:34
134	name_95_95_	url_970_970_970_	97	2016-05-11 23:34:34
135	name_978_978_9	url_548_54	97	2016-05-12 13:16:34
136	name_118	url_924_924_924_	627	2016-05-12 06:02:34
137	name_249_24	url_834_83	793	2016-05-12 08:02:34
138	name_979_979_9	url_498_498_498_	179	2016-05-12 00:06:34
139	name_271_27	url_73_7	884	2016-05-12 08:38:34
140	name_46_46_4	url_874_874_8	526	2016-05-12 13:51:34
141	name_546_54	url_142_14	489	2016-05-12 13:02:34
142	name_239_239_2	url_713_713_713_	946	2016-05-11 23:40:34
143	name_479	url_872_87	920	2016-05-12 10:22:34
144	name_302	url_479_479_479_	789	2016-05-12 08:00:34
145	name_627_62	url_693_693_6	338	2016-05-12 05:27:34
146	name_236_236_2	url_88_88_88_88_	798	2016-05-12 02:23:34
147	name_284	url_306_306_3	551	2016-05-12 06:18:34
148	name_613_613_6	url_935_935_935_	775	2016-05-12 08:33:34
149	name_133_13	url_139_139_1	354	2016-05-12 08:33:34
150	name_622_62	url_105_105_105_	817	2016-05-12 09:58:34
151	name_492_49	url_345_34	680	2016-05-12 12:05:34
152	name_669	url_800_800_8	555	2016-05-12 03:43:34
153	name_520	url_476_476_476_	66	2016-05-12 11:06:34
154	name_119	url_657_657_657_	208	2016-05-12 11:25:34
155	name_952_95	url_209_209_2	39	2016-05-12 06:33:34
156	name_630	url_744_744_7	996	2016-05-12 04:37:34
157	name_532_532_5	url_96_96_96_96	74	2016-05-12 11:34:34
158	name_319_319_3	url_305_305_305_	162	2016-05-12 03:28:34
159	name_634	url_172_17	904	2016-05-12 06:07:34
160	name_153_153_1	url_51_51_	274	2016-05-12 03:05:34
161	name_109_10	url_166_166_1	783	2016-05-12 03:22:34
162	name_690	url_525_525_5	927	2016-05-12 10:16:34
163	name_709_70	url_905_905_905_	549	2016-05-12 07:02:34
164	name_681_68	url_412_41	502	2016-05-12 14:31:34
165	name_932	url_434_43	987	2016-05-12 14:02:34
166	name_760_76	url_994_99	163	2016-05-12 08:31:34
167	name_773	url_436_436_4	431	2016-05-12 01:16:34
168	name_923_92	url_630_630_6	236	2016-05-12 13:34:34
169	name_481_481_4	url_18_18_18_1	507	2016-05-12 07:05:34
170	name_911_911_9	url_549_549_549_	624	2016-05-12 00:11:34
171	name_758_758_7	url_280_28	990	2016-05-12 09:55:34
172	name_300	url_696_696_6	187	2016-05-12 12:29:34
173	name_798_79	url_162_162_162_	23	2016-05-12 05:06:34
174	name_907	url_236_236_2	148	2016-05-12 02:00:34
175	name_292_292_2	url_117_117_1	52	2016-05-12 09:02:34
176	name_548_54	url_372_37	413	2016-05-12 14:41:34
177	name_309	url_412_41	201	2016-05-12 04:36:34
178	name_183_183_1	url_934_93	583	2016-05-12 04:30:34
179	name_998	url_81_81_81_81_	551	2016-05-11 23:19:34
180	name_648_648_6	url_667_66	37	2016-05-12 00:49:34
181	name_925_92	url_84_84_84_84_	820	2016-05-12 08:53:34
182	name_349_349_3	url_451_451_451_	736	2016-05-12 09:49:34
183	name_584	url_360_360_3	629	2016-05-12 06:42:34
184	name_925_92	url_712_71	874	2016-05-12 11:25:34
185	name_657_65	url_582_582_5	961	2016-05-11 23:32:34
186	name_626_62	url_319_319_319_	190	2016-05-12 10:00:34
187	name_751_751_7	url_774_774_7	213	2016-05-12 13:20:34
188	name_735_73	url_699_699_6	424	2016-05-12 04:41:34
189	name_30_30_30_3	url_612_61	760	2016-05-12 14:48:34
190	name_32_	url_818_81	552	2016-05-11 23:24:34
191	name_677_677_6	url_369_369_3	866	2016-05-12 15:19:34
192	name_368	url_850_85	814	2016-05-12 13:26:34
193	name_491_49	url_767_76	805	2016-05-12 08:39:34
194	name_792_79	url_279_279_279_	837	2016-05-11 22:58:34
195	name_761_76	url_908_908_908_	215	2016-05-12 05:08:34
196	name_336	url_389_38	34	2016-05-12 08:11:34
197	name_548_54	url_656_65	223	2016-05-12 03:27:34
198	name_434_43	url_262_262_262_	500	2016-05-12 00:50:34
199	name_211_21	url_613_613_613_	565	2016-05-12 02:45:34
200	name_146	url_118_11	436	2016-05-12 06:54:34
201	name_953_95	url_920_92	336	2016-05-12 01:46:34
202	name_62_	url_216_216_216_	475	2016-05-12 02:28:34
203	name_66_66_6	url_668_668_668_	321	2016-05-12 14:01:34
204	name_881	url_409_409_4	871	2016-05-12 00:21:34
205	name_115	url_460_460_4	716	2016-05-12 00:02:34
206	name_935	url_112_11	978	2016-05-12 10:21:34
207	name_70_70_70_7	url_535_535_535_	138	2016-05-12 10:33:34
208	name_11_11_11_11	url_380_38	42	2016-05-12 14:15:34
209	name_649_649_6	url_327_327_327_	802	2016-05-12 02:30:34
210	name_216_21	url_527_527_527_	986	2016-05-12 14:35:34
211	name_726_726_7	url_667_66	233	2016-05-12 07:57:34
212	name_982_98	url_732_732_732_	410	2016-05-12 07:23:34
213	name_911_911_9	url_874_874_8	221	2016-05-12 04:03:34
214	name_183_183_1	url_178_17	722	2016-05-12 09:01:34
215	name_205_205_2	url_171_171_1	909	2016-05-12 00:31:34
216	name_648_648_6	url_689_68	816	2016-05-12 12:20:34
217	name_216_21	url_812_81	71	2016-05-11 23:48:34
218	name_46_46_4	url_503_503_5	608	2016-05-12 11:06:34
219	name_514_51	url_717_717_7	348	2016-05-12 15:20:34
220	name_799_79	url_364_36	307	2016-05-12 02:13:34
221	name_776	url_754_754_754_	474	2016-05-11 23:45:34
222	name_12_	url_750_75	383	2016-05-12 09:26:34
223	name_734_73	url_755_755_7	10	2016-05-12 04:23:34
224	name_618_618_6	url_671_671_6	637	2016-05-12 03:04:34
225	name_497_49	url_363_363_3	859	2016-05-12 10:28:34
226	name_723_723_7	url_760_760_7	825	2016-05-12 08:19:34
227	name_252	url_284_284_284_	186	2016-05-12 01:06:34
228	name_211_21	url_845_84	865	2016-05-12 04:30:34
229	name_383_38	url_7_7_7_7_7_7_	332	2016-05-12 01:21:34
230	name_690	url_164_16	578	2016-05-12 02:07:34
231	name_988_98	url_114_114_1	631	2016-05-12 10:54:34
232	name_251	url_628_628_6	266	2016-05-12 09:00:34
233	name_587	url_980_98	495	2016-05-12 00:37:34
234	name_916_916_9	url_452_452_4	772	2016-05-12 00:26:34
235	name_501_501_5	url_284_284_284_	282	2016-05-12 07:15:34
236	name_271_27	url_850_85	162	2016-05-12 06:13:34
237	name_699	url_819_819_819_	428	2016-05-12 09:33:34
238	name_395	url_647_647_6	640	2016-05-12 01:06:34
239	name_15_15_	url_655_655_6	240	2016-05-11 22:52:34
240	name_86_86_8	url_397_39	160	2016-05-12 07:19:34
241	name_868_868_8	url_493_493_4	67	2016-05-12 04:25:34
242	name_487_487_4	url_477_477_4	394	2016-05-12 08:27:34
243	name_244_24	url_409_409_4	318	2016-05-12 03:53:34
244	name_339	url_907_90	431	2016-05-12 12:43:34
245	name_405_40	url_848_84	635	2016-05-12 10:43:34
246	name_583	url_814_814_8	982	2016-05-12 15:01:34
247	name_741	url_91_91_91_91	37	2016-05-12 07:42:34
248	name_679_679_6	url_196_196_1	123	2016-05-12 02:33:34
249	name_705_70	url_247_247_2	911	2016-05-12 03:43:34
250	name_968	url_759_75	135	2016-05-12 12:12:34
251	name_701_70	url_277_277_2	975	2016-05-12 05:08:34
252	name_200_200_2	url_463_463_4	500	2016-05-12 14:33:34
253	name_705_70	url_552_552_5	595	2016-05-11 23:40:34
254	name_715	url_119_119_119_	573	2016-05-12 09:03:34
255	name_486_486_4	url_112_11	189	2016-05-12 01:17:34
256	name_601	url_110_110_110_	158	2016-05-12 06:32:34
257	name_861_861_8	url_839_839_8	735	2016-05-12 11:36:34
258	name_891_891_8	url_792_792_792_	744	2016-05-12 07:59:34
259	name_454_454_4	url_148_14	213	2016-05-12 07:56:34
260	name_609	url_610_610_610_	117	2016-05-12 07:09:34
261	name_423_423_4	url_657_657_657_	669	2016-05-12 00:01:34
262	name_789_789_7	url_847_847_8	758	2016-05-12 00:51:34
263	name_560_560_5	url_724_724_724_	535	2016-05-11 22:46:34
264	name_876_87	url_886_88	982	2016-05-12 12:01:34
265	name_668	url_775_77	665	2016-05-12 14:03:34
266	name_57_57_57	url_868_868_868_	617	2016-05-12 11:48:34
267	name_471	url_948_94	341	2016-05-12 09:17:34
268	name_144	url_963_963_9	101	2016-05-12 13:42:34
269	name_285	url_92_92_92_92	926	2016-05-12 08:44:34
270	name_949_949_9	url_740_740_740_	379	2016-05-12 05:35:34
271	name_758_758_7	url_333_333_3	927	2016-05-12 13:46:34
272	name_993	url_46_46_4	610	2016-05-12 11:39:34
273	name_823	url_601_60	922	2016-05-12 02:26:34
274	name_481_481_4	url_610_610_610_	149	2016-05-12 10:29:34
275	name_90_90_90_9	url_805_805_805_	743	2016-05-12 10:22:34
276	name_410	url_167_16	317	2016-05-12 01:02:34
277	name_482_482_4	url_621_621_621_	133	2016-05-12 13:50:34
278	name_459_459_4	url_122_122_1	588	2016-05-12 01:25:34
279	name_229	url_851_851_851_	96	2016-05-12 13:52:34
280	name_878_87	url_764_76	171	2016-05-12 03:19:34
281	name_802_802_8	url_675_67	78	2016-05-11 23:49:34
282	name_3_3_3_	url_872_87	487	2016-05-12 12:03:34
283	name_931	url_293_293_2	960	2016-05-12 09:28:34
284	name_100_10	url_665_665_665_	90	2016-05-12 06:47:34
285	name_869_869_8	url_466_466_4	440	2016-05-12 06:29:34
286	name_589	url_414_414_4	591	2016-05-12 04:02:34
287	name_597_597_5	url_49_49_4	415	2016-05-12 11:07:34
288	name_597_597_5	url_938_938_938_	908	2016-05-12 05:46:34
289	name_531_531_5	url_448_44	713	2016-05-12 09:23:34
290	name_630	url_448_44	959	2016-05-12 04:18:34
291	name_918_918_9	url_53_53_	432	2016-05-12 14:21:34
292	name_165_16	url_949_949_949_	858	2016-05-12 08:14:34
293	name_520	url_163_163_1	121	2016-05-12 04:11:34
294	name_521	url_997_99	759	2016-05-12 02:36:34
295	name_81_81_81_81	url_709_709_7	32	2016-05-12 14:15:34
296	name_203_203_2	url_979_979_979_	349	2016-05-12 06:11:34
297	name_150_150_1	url_798_798_798_	811	2016-05-12 08:29:34
298	name_604	url_519_519_519_	597	2016-05-12 10:17:34
299	name_892_892_8	url_237_23	409	2016-05-12 07:54:34
300	name_998	url_626_62	919	2016-05-12 08:54:34
301	name_995	url_385_385_3	284	2016-05-12 06:38:34
302	name_29_29_29_2	url_337_33	475	2016-05-12 14:07:34
303	name_507_507_5	url_357_357_357_	448	2016-05-12 02:25:34
304	name_180_180_1	url_455_455_4	320	2016-05-11 23:58:34
305	name_359_35	url_343_343_343_	421	2016-05-12 11:08:34
306	name_186_186_1	url_719_719_719_	302	2016-05-12 01:38:34
307	name_205_205_2	url_360_360_3	623	2016-05-12 01:04:34
308	name_916_916_9	url_299_299_2	956	2016-05-12 10:49:34
309	name_122_122_1	url_422_422_4	133	2016-05-12 00:22:34
310	name_394	url_539_539_5	172	2016-05-12 03:03:34
311	name_231_231_2	url_255_255_2	544	2016-05-12 08:40:34
312	name_643_643_6	url_420_42	188	2016-05-12 05:11:34
313	name_984_98	url_267_26	541	2016-05-11 23:16:34
314	name_549_54	url_183_18	926	2016-05-12 02:03:34
315	name_844_84	url_973_973_973_	724	2016-05-12 08:52:34
316	name_46_46_4	url_359_35	479	2016-05-12 04:27:34
317	name_423_423_4	url_584_584_584_	211	2016-05-12 13:42:34
318	name_257	url_772_77	4	2016-05-12 05:37:34
319	name_637	url_339_339_3	347	2016-05-12 03:02:34
320	name_208_208_2	url_779_779_779_	428	2016-05-12 07:12:34
321	name_316_316_3	url_1_1_1_1_1_1_	473	2016-05-12 10:37:34
322	name_44_44	url_687_687_687_	100	2016-05-12 13:44:34
323	name_101_10	url_974_974_9	668	2016-05-12 06:47:34
324	name_670_670_6	url_674_674_6	250	2016-05-12 10:54:34
325	name_674_674_6	url_357_357_357_	342	2016-05-12 07:25:34
326	name_63_6	url_929_92	23	2016-05-12 09:17:34
327	name_560_560_5	url_439_439_4	832	2016-05-11 23:43:34
328	name_713	url_895_895_895_	274	2016-05-12 10:31:34
329	name_803_803_8	url_371_371_3	636	2016-05-12 03:48:34
330	name_912_912_9	url_927_927_927_	620	2016-05-12 11:36:34
331	name_295_295_2	url_223_22	508	2016-05-12 12:35:34
332	name_512_51	url_661_66	959	2016-05-12 10:15:34
333	name_80_80_80_8	url_709_709_7	25	2016-05-12 01:59:34
334	name_212_21	url_8_8_8_8_8	140	2016-05-12 05:12:34
335	name_19_19_19_1	url_594_59	544	2016-05-12 00:05:34
336	name_668	url_82_82_82_82_	560	2016-05-12 04:59:34
337	name_855	url_660_660_6	60	2016-05-12 06:04:34
338	name_125_125_1	url_505_505_505_	864	2016-05-12 05:40:34
339	name_141	url_443_443_443_	82	2016-05-12 07:34:34
340	name_372_372_3	url_475_47	802	2016-05-12 01:43:34
341	name_519_51	url_14_14_14_1	614	2016-05-12 06:59:34
342	name_169_16	url_136_136_1	265	2016-05-12 06:05:34
343	name_140	url_123_12	915	2016-05-12 03:37:34
344	name_829	url_443_443_443_	78	2016-05-12 02:14:34
345	name_826	url_586_58	700	2016-05-12 14:12:34
346	name_555	url_865_865_865_	13	2016-05-12 07:23:34
347	name_590_590_5	url_512_51	736	2016-05-12 12:09:34
348	name_499_49	url_843_843_843_	456	2016-05-12 09:54:34
349	name_216_21	url_127_127_127_	900	2016-05-12 03:51:34
350	name_339	url_605_605_605_	899	2016-05-12 06:32:34
351	name_287	url_780_78	15	2016-05-12 00:12:34
352	name_622_62	url_783_78	186	2016-05-12 13:36:34
353	name_719	url_333_333_3	263	2016-05-12 11:49:34
354	name_490_49	url_522_522_5	886	2016-05-12 14:36:34
355	name_389_38	url_70_7	748	2016-05-11 23:36:34
356	name_375_375_3	url_20_20_20_	89	2016-05-12 08:38:34
357	name_104_10	url_429_42	874	2016-05-12 11:27:34
358	name_189_189_1	url_474_474_4	216	2016-05-12 11:59:34
359	name_962	url_495_495_495_	601	2016-05-12 07:45:34
360	name_165_16	url_538_538_538_	883	2016-05-12 09:45:34
361	name_855	url_60_60	76	2016-05-12 09:46:34
362	name_243_24	url_330_330_3	124	2016-05-12 12:10:34
363	name_705_70	url_633_633_6	257	2016-05-12 14:44:34
364	name_719	url_218_21	507	2016-05-12 11:14:34
365	name_629_62	url_665_665_665_	31	2016-05-12 13:59:34
366	name_941_941_9	url_161_16	451	2016-05-12 09:21:34
367	name_536_536_5	url_461_46	102	2016-05-12 02:03:34
368	name_119	url_721_721_721_	925	2016-05-12 03:34:34
369	name_158_158_1	url_454_454_454_	436	2016-05-12 00:33:34
370	name_788_788_7	url_202_202_202_	845	2016-05-12 13:58:34
371	name_998	url_123_12	431	2016-05-12 12:27:34
372	name_827	url_411_411_4	174	2016-05-12 10:50:34
373	name_299_299_2	url_702_702_702_	325	2016-05-12 03:21:34
374	name_801_801_8	url_136_136_1	89	2016-05-12 06:15:34
375	name_290_290_2	url_164_16	620	2016-05-12 11:13:34
376	name_256	url_414_414_4	821	2016-05-12 14:10:34
377	name_744	url_545_54	583	2016-05-12 12:30:34
378	name_969	url_760_760_7	250	2016-05-12 08:03:34
379	name_799_79	url_388_388_3	744	2016-05-12 14:12:34
380	name_557	url_206_206_2	956	2016-05-12 03:31:34
381	name_758_758_7	url_701_70	98	2016-05-12 05:15:34
382	name_221	url_919_919_919_	290	2016-05-12 08:24:34
383	name_219_21	url_800_800_8	657	2016-05-12 14:05:34
384	name_347_347_3	url_267_26	705	2016-05-12 05:49:34
385	name_350_35	url_382_382_3	251	2016-05-11 23:53:34
386	name_152_152_1	url_257_257_257_	558	2016-05-12 00:49:34
387	name_950_95	url_194_19	473	2016-05-12 12:33:34
388	name_306	url_596_596_5	102	2016-05-12 02:49:34
389	name_521	url_732_732_732_	788	2016-05-12 10:06:34
390	name_358_35	url_232_232_232_	579	2016-05-12 13:51:34
391	name_227	url_777_777_7	839	2016-05-12 09:18:34
392	name_462_46	url_504_50	845	2016-05-12 08:01:34
393	name_209_209_2	url_652_652_6	917	2016-05-11 23:53:34
394	name_458_458_4	url_79_7	630	2016-05-12 13:03:34
395	name_360	url_661_66	788	2016-05-12 06:34:34
396	name_721_721_7	url_840_840_840_	717	2016-05-12 03:45:34
397	name_143	url_618_61	302	2016-05-12 14:58:34
398	name_175	url_578_57	512	2016-05-12 05:21:34
399	name_341_341_3	url_12_12_12_1	131	2016-05-12 02:45:34
400	name_996	url_882_882_8	669	2016-05-12 08:18:34
401	name_675_675_6	url_110_110_110_	178	2016-05-11 23:40:34
402	name_795_79	url_135_135_135_	717	2016-05-12 11:35:34
403	name_4_4_4_4_4	url_923_92	729	2016-05-12 12:34:34
404	name_893_893_8	url_298_298_298_	951	2016-05-12 12:43:34
405	name_10_10_10_1	url_66_66	914	2016-05-12 14:01:34
406	name_174	url_46_46_4	338	2016-05-12 05:56:34
407	name_763_76	url_690_690_6	80	2016-05-12 11:17:34
408	name_72_	url_625_625_6	425	2016-05-12 10:25:34
409	name_230_230_2	url_174_174_1	132	2016-05-12 04:28:34
410	name_281	url_558_558_5	494	2016-05-12 14:47:34
411	name_378_378_3	url_371_371_3	846	2016-05-12 05:06:34
412	name_95_95_	url_275_27	305	2016-05-12 08:16:34
413	name_52_	url_323_32	93	2016-05-12 07:54:34
414	name_185_185_1	url_968_968_968_	219	2016-05-12 03:29:34
415	name_447	url_249_249_249_	125	2016-05-12 08:21:34
416	name_780_780_7	url_705_705_705_	473	2016-05-12 12:37:34
417	name_305	url_214_214_2	976	2016-05-12 10:52:34
418	name_980_98	url_512_51	854	2016-05-12 08:18:34
419	name_448	url_950_95	295	2016-05-12 03:20:34
420	name_857	url_449_449_449_	269	2016-05-12 06:02:34
421	name_575_57	url_294_29	175	2016-05-12 14:08:34
422	name_232_232_2	url_567_56	258	2016-05-12 14:34:34
423	name_532_532_5	url_476_476_476_	443	2016-05-12 14:07:34
424	name_551	url_972_97	639	2016-05-12 10:16:34
425	name_189_189_1	url_126_12	179	2016-05-12 01:06:34
426	name_50_50_50_5	url_448_44	754	2016-05-12 06:21:34
427	name_620_62	url_818_81	908	2016-05-12 12:16:34
428	name_139_13	url_960_960_9	529	2016-05-12 12:50:34
429	name_207_207_2	url_506_506_5	790	2016-05-11 23:15:34
430	name_889	url_835_835_835_	127	2016-05-11 23:36:34
431	name_933	url_360_360_3	191	2016-05-12 09:07:34
432	name_717	url_555_555_5	36	2016-05-12 06:42:34
433	name_186_186_1	url_448_44	952	2016-05-12 08:30:34
434	name_521	url_665_665_665_	123	2016-05-12 02:50:34
435	name_868_868_8	url_18_18_18_1	371	2016-05-12 07:54:34
436	name_312_312_3	url_440_440_440_	693	2016-05-12 02:58:34
437	name_294_294_2	url_904_90	792	2016-05-11 23:11:34
438	name_438_43	url_977_977_9	695	2016-05-12 03:33:34
439	name_6_6_6_	url_830_830_8	686	2016-05-12 04:03:34
440	name_445	url_422_422_4	49	2016-05-12 05:09:34
441	name_278_27	url_643_643_643_	269	2016-05-12 11:41:34
442	name_950_95	url_88_88_88_88_	8	2016-05-11 23:37:34
443	name_574_57	url_47_47_4	854	2016-05-12 01:49:34
444	name_43_4	url_510_510_510_	16	2016-05-12 06:48:34
445	name_408_40	url_193_193_1	237	2016-05-12 14:16:34
446	name_135_13	url_993_993_9	753	2016-05-12 07:56:34
447	name_208_208_2	url_716_716_716_	388	2016-05-12 14:39:34
448	name_489_489_4	url_919_919_919_	923	2016-05-12 15:24:34
449	name_498_49	url_75_7	208	2016-05-12 10:52:34
450	name_541_54	url_625_625_6	211	2016-05-12 08:55:34
451	name_589	url_734_73	594	2016-05-12 01:58:34
452	name_692	url_158_158_1	780	2016-05-12 15:00:34
453	name_370_370_3	url_710_710_710_	922	2016-05-12 10:19:34
454	name_240_24	url_563_563_5	871	2016-05-12 13:46:34
455	name_97_97_97	url_967_96	106	2016-05-12 07:46:34
456	name_682_68	url_563_563_5	865	2016-05-12 11:08:34
457	name_372_372_3	url_139_139_1	780	2016-05-12 13:37:34
458	name_759_759_7	url_677_677_6	480	2016-05-12 07:15:34
459	name_145	url_978_97	667	2016-05-11 23:45:34
460	name_807_807_8	url_847_847_8	574	2016-05-12 02:00:34
461	name_144	url_564_56	647	2016-05-12 08:16:34
462	name_313_313_3	url_143_143_143_	799	2016-05-12 14:31:34
463	name_642_642_6	url_814_814_8	481	2016-05-12 03:41:34
464	name_742	url_565_565_565_	767	2016-05-12 08:53:34
465	name_981_98	url_47_47_4	34	2016-05-12 15:10:34
466	name_113	url_460_460_4	427	2016-05-12 13:38:34
467	name_537_537_5	url_474_474_4	760	2016-05-12 03:46:34
468	name_995	url_245_24	418	2016-05-12 03:11:34
469	name_988_98	url_634_63	284	2016-05-12 01:05:34
470	name_86_86_8	url_317_317_3	615	2016-05-12 14:25:34
471	name_79_79_79_7	url_848_84	168	2016-05-11 23:11:34
472	name_931	url_742_74	715	2016-05-12 10:31:34
473	name_21_21_21_21	url_320_32	281	2016-05-11 23:25:34
474	name_155_155_1	url_83_83_83_83_	968	2016-05-12 15:09:34
475	name_681_68	url_504_50	609	2016-05-12 02:13:34
476	name_163_16	url_513_513_513_	756	2016-05-12 05:08:34
477	name_258	url_882_882_8	360	2016-05-12 10:33:34
478	name_734_73	url_505_505_505_	506	2016-05-12 05:57:34
479	name_907	url_552_552_5	476	2016-05-12 01:12:34
480	name_98_98_98_	url_130_130_1	689	2016-05-12 11:20:34
481	name_230_230_2	url_212_21	902	2016-05-12 06:34:34
482	name_807_807_8	url_896_896_8	729	2016-05-12 05:30:34
483	name_619_619_6	url_212_21	198	2016-05-12 08:08:34
484	name_867_867_8	url_738_738_738_	365	2016-05-12 09:10:34
485	name_724_724_7	url_148_14	776	2016-05-12 07:52:34
486	name_690	url_604_60	468	2016-05-12 10:45:34
487	name_429_429_4	url_795_795_795_	946	2016-05-12 00:04:34
488	name_857	url_764_76	48	2016-05-12 01:34:34
489	name_184_184_1	url_779_779_779_	899	2016-05-12 13:12:34
490	name_922_92	url_109_109_1	51	2016-05-12 08:52:34
491	name_168_16	url_401_40	172	2016-05-12 01:55:34
492	name_610_610_6	url_265_265_265_	841	2016-05-12 07:56:34
493	name_318_318_3	url_433_433_4	173	2016-05-12 06:42:34
494	name_323_32	url_64_64	900	2016-05-12 07:51:34
495	name_560_560_5	url_867_86	863	2016-05-12 03:44:34
496	name_73_7	url_726_72	32	2016-05-12 01:11:34
497	name_990	url_578_57	20	2016-05-12 14:20:34
498	name_389_38	url_227_227_227_	527	2016-05-12 12:34:34
499	name_476	url_560_560_5	549	2016-05-12 13:44:34
500	name_740	url_342_34	88	2016-05-12 10:59:34
501	name_744	url_80_80_80_80_	40	2016-05-12 02:37:34
502	name_407_40	url_914_914_9	771	2016-05-12 07:17:34
503	name_690	url_395_395_395_	950	2016-05-12 12:33:34
504	name_129_129_1	url_453_45	992	2016-05-12 00:26:34
505	name_267_267_2	url_571_571_5	12	2016-05-12 03:43:34
506	name_669	url_633_633_6	629	2016-05-12 12:35:34
507	name_603	url_407_40	325	2016-05-12 07:17:34
508	name_664	url_317_317_3	755	2016-05-12 06:56:34
509	name_634	url_916_916_916_	198	2016-05-12 05:57:34
510	name_788_788_7	url_149_149_149_	974	2016-05-12 04:34:34
511	name_46_46_4	url_868_868_868_	394	2016-05-12 14:12:34
512	name_387_38	url_838_838_838_	686	2016-05-12 10:40:34
513	name_236_236_2	url_535_535_535_	810	2016-05-12 11:23:34
514	name_733_73	url_918_91	824	2016-05-12 12:12:34
515	name_315_315_3	url_130_130_1	411	2016-05-12 11:28:34
516	name_877_87	url_964_96	155	2016-05-12 01:38:34
517	name_227	url_782_782_7	801	2016-05-12 02:23:34
518	name_428_428_4	url_636_636_6	203	2016-05-12 13:10:34
519	name_36_36_3	url_241_241_2	804	2016-05-12 01:21:34
520	name_378_378_3	url_382_382_3	580	2016-05-12 10:34:34
521	name_464_46	url_834_83	353	2016-05-12 05:58:34
522	name_725_725_7	url_718_71	391	2016-05-12 06:32:34
523	name_813_81	url_619_619_619_	542	2016-05-12 13:38:34
524	name_869_869_8	url_149_149_149_	171	2016-05-12 08:57:34
525	name_112	url_806_806_8	981	2016-05-12 02:28:34
526	name_910_910_9	url_455_455_4	494	2016-05-12 10:08:34
527	name_703_70	url_972_97	263	2016-05-12 08:43:34
528	name_269_269_2	url_199_199_1	750	2016-05-12 11:23:34
529	name_149	url_476_476_476_	414	2016-05-12 07:40:34
530	name_743	url_254_254_254_	651	2016-05-12 15:16:34
531	name_785_785_7	url_946_946_946_	670	2016-05-12 02:05:34
532	name_997	url_986_98	107	2016-05-12 07:03:34
533	name_467_46	url_863_863_8	569	2016-05-12 07:03:34
534	name_379_379_3	url_327_327_327_	793	2016-05-11 23:32:34
535	name_732_73	url_669_669_6	879	2016-05-12 15:03:34
536	name_398	url_702_702_702_	218	2016-05-12 02:08:34
537	name_868_868_8	url_137_13	144	2016-05-12 13:28:34
538	name_298_298_2	url_672_67	201	2016-05-12 05:40:34
539	name_440	url_556_55	347	2016-05-12 14:54:34
540	name_397	url_687_687_687_	719	2016-05-12 07:16:34
541	name_806_806_8	url_106_106_1	106	2016-05-12 08:16:34
542	name_737_73	url_422_422_4	947	2016-05-12 11:13:34
543	name_86_86_8	url_669_669_6	677	2016-05-12 12:36:34
544	name_433_43	url_438_438_438_	793	2016-05-12 12:40:34
545	name_212_21	url_927_927_927_	6	2016-05-12 04:08:34
546	name_541_54	url_771_771_7	638	2016-05-12 07:21:34
547	name_47_47_47	url_513_513_513_	610	2016-05-12 14:33:34
548	name_527	url_883_88	774	2016-05-12 07:22:34
549	name_784_784_7	url_578_57	141	2016-05-12 13:31:34
550	name_761_76	url_680_68	482	2016-05-12 06:22:34
551	name_166_16	url_859_85	911	2016-05-12 00:57:34
552	name_436_43	url_38_38_38	18	2016-05-12 07:19:34
553	name_293_293_2	url_395_395_395_	370	2016-05-12 09:23:34
554	name_329_32	url_521_521_521_	565	2016-05-12 12:24:34
555	name_73_7	url_812_81	492	2016-05-12 12:21:34
556	name_531_531_5	url_460_460_4	951	2016-05-12 04:15:34
557	name_863_863_8	url_865_865_865_	740	2016-05-12 15:16:34
558	name_240_24	url_855_855_8	500	2016-05-12 01:46:34
559	name_351_35	url_936_936_9	202	2016-05-12 02:32:34
560	name_209_209_2	url_734_73	1000	2016-05-12 06:54:34
561	name_810_81	url_980_98	46	2016-05-12 13:25:34
562	name_848_84	url_15_15_15_1	775	2016-05-12 03:30:34
563	name_863_863_8	url_695_695_695_	236	2016-05-12 05:01:34
564	name_406_40	url_713_713_713_	860	2016-05-12 11:01:34
565	name_859	url_717_717_7	206	2016-05-12 01:23:34
566	name_718	url_332_332_332_	265	2016-05-12 12:22:34
567	name_170	url_996_996_9	245	2016-05-12 12:58:34
568	name_727_727_7	url_813_813_813_	537	2016-05-12 11:39:34
569	name_334	url_314_314_3	853	2016-05-11 23:20:34
570	name_981_98	url_624_624_624_	405	2016-05-12 00:41:34
571	name_105_10	url_736_736_7	539	2016-05-12 09:26:34
572	name_435_43	url_875_87	464	2016-05-12 01:40:34
573	name_357_35	url_475_47	536	2016-05-11 23:44:34
574	name_603	url_175_17	613	2016-05-12 11:28:34
575	name_834_834_8	url_187_187_187_	805	2016-05-11 23:55:34
576	name_310_310_3	url_215_21	955	2016-05-12 12:26:34
577	name_394	url_483_48	774	2016-05-12 12:33:34
578	name_254	url_995_995_995_	721	2016-05-12 07:19:34
579	name_446	url_530_530_5	32	2016-05-12 08:56:34
580	name_300	url_904_90	224	2016-05-12 04:42:34
581	name_970_970_9	url_352_352_3	783	2016-05-12 13:16:34
582	name_689_68	url_619_619_619_	282	2016-05-12 03:56:34
583	name_676_676_6	url_563_563_5	981	2016-05-12 12:14:34
584	name_666	url_484_484_484_	965	2016-05-12 02:33:34
585	name_761_76	url_944_944_9	939	2016-05-12 12:26:34
586	name_287	url_453_45	126	2016-05-12 15:20:34
587	name_318_318_3	url_40_40_4	8	2016-05-12 11:51:34
588	name_993	url_352_352_3	352	2016-05-12 04:14:34
589	name_463_46	url_93_93_93_93	759	2016-05-12 01:31:34
590	name_2_2	url_168_168_168_	761	2016-05-12 09:23:34
591	name_97_97_97	url_456_45	297	2016-05-12 03:33:34
592	name_963	url_932_932_932_	76	2016-05-12 14:12:34
593	name_902	url_751_751_751_	761	2016-05-12 03:21:34
594	name_568_568_5	url_365_365_365_	431	2016-05-12 11:54:34
595	name_369	url_544_544_5	519	2016-05-12 11:56:34
596	name_399	url_886_88	43	2016-05-12 00:41:34
597	name_846_84	url_147_147_1	599	2016-05-11 23:50:34
598	name_122_122_1	url_825_825_8	136	2016-05-12 03:42:34
599	name_310_310_3	url_67_67	978	2016-05-12 07:58:34
600	name_672_672_6	url_803_803_8	106	2016-05-12 14:34:34
601	name_579_57	url_285_285_2	102	2016-05-12 02:36:34
602	name_736_73	url_991_99	672	2016-05-12 05:15:34
603	name_173	url_844_844_8	76	2016-05-12 09:29:34
604	name_924_92	url_197_19	533	2016-05-11 23:55:34
605	name_203_203_2	url_746_746_746_	587	2016-05-12 03:01:34
606	name_154_154_1	url_905_905_905_	152	2016-05-12 01:23:34
607	name_560_560_5	url_685_685_6	398	2016-05-12 00:33:34
608	name_956_95	url_103_103_1	191	2016-05-12 08:49:34
609	name_380_38	url_117_117_1	630	2016-05-12 01:59:34
610	name_163_16	url_360_360_3	98	2016-05-12 13:52:34
611	name_958_95	url_945_94	132	2016-05-12 11:17:34
612	name_657_65	url_525_525_5	145	2016-05-12 05:52:34
613	name_803_803_8	url_155_155_1	974	2016-05-12 04:15:34
614	name_386_38	url_593_593_5	881	2016-05-12 13:58:34
615	name_946_946_9	url_223_22	562	2016-05-12 15:19:34
616	name_743	url_850_85	33	2016-05-12 09:02:34
617	name_707_70	url_914_914_9	827	2016-05-12 01:53:34
618	name_386_38	url_755_755_7	983	2016-05-12 08:53:34
619	name_342_342_3	url_517_517_5	562	2016-05-12 14:56:34
620	name_838_838_8	url_940_940_940_	359	2016-05-12 10:59:34
621	name_74_74	url_10_10_10_1	789	2016-05-12 11:12:34
622	name_162_16	url_998_998_998_	672	2016-05-12 09:32:34
623	name_834_834_8	url_539_539_5	676	2016-05-12 12:21:34
624	name_992	url_549_549_549_	560	2016-05-12 14:02:34
625	name_428_428_4	url_323_32	315	2016-05-12 04:05:34
626	name_313_313_3	url_67_67	149	2016-05-12 14:49:34
627	name_72_	url_703_703_7	711	2016-05-12 11:29:34
628	name_164_16	url_189_18	922	2016-05-12 12:55:34
629	name_17_17_17	url_951_951_951_	758	2016-05-11 22:51:34
630	name_212_21	url_45_45_4	921	2016-05-12 14:05:34
631	name_889	url_690_690_6	547	2016-05-11 23:15:34
632	name_268_268_2	url_783_78	716	2016-05-12 03:22:34
633	name_277_27	url_661_66	336	2016-05-12 11:10:34
634	name_841_84	url_787_787_787_	347	2016-05-12 08:24:34
635	name_245_24	url_895_895_895_	271	2016-05-12 08:26:34
636	name_915_915_9	url_725_725_7	829	2016-05-12 03:56:34
637	name_158_158_1	url_924_924_924_	59	2016-05-12 00:27:34
638	name_444	url_492_492_492_	559	2016-05-12 02:55:34
639	name_119	url_785_785_7	527	2016-05-12 03:17:34
640	name_923_92	url_106_106_1	63	2016-05-12 00:55:34
641	name_211_21	url_858_858_8	343	2016-05-12 00:19:34
642	name_712	url_563_563_5	120	2016-05-12 02:08:34
643	name_160_16	url_244_244_2	453	2016-05-11 23:45:34
644	name_64_64	url_601_60	90	2016-05-11 23:08:34
645	name_682_68	url_373_373_373_	701	2016-05-12 08:48:34
646	name_344_344_3	url_731_73	416	2016-05-12 13:37:34
647	name_978_978_9	url_652_652_6	438	2016-05-12 11:51:34
648	name_472	url_772_77	809	2016-05-11 22:52:34
649	name_21_21_21_21	url_863_863_8	808	2016-05-12 00:46:34
650	name_571_57	url_246_246_246_	679	2016-05-12 08:56:34
651	name_637	url_794_79	445	2016-05-12 03:42:34
652	name_824	url_592_592_592_	496	2016-05-12 05:53:34
653	name_907	url_208_208_208_	380	2016-05-12 12:56:34
654	name_715	url_459_45	383	2016-05-12 00:46:34
655	name_316_316_3	url_277_277_2	376	2016-05-12 08:27:34
656	name_866_866_8	url_551_551_551_	260	2016-05-12 05:58:34
657	name_138_13	url_291_29	901	2016-05-12 09:37:34
658	name_630	url_182_182_1	276	2016-05-12 02:47:34
659	name_400_40	url_58_58_	937	2016-05-12 05:00:34
660	name_739_73	url_102_102_102_	493	2016-05-12 10:12:34
661	name_338	url_174_174_1	313	2016-05-12 06:08:34
662	name_584	url_684_684_684_	195	2016-05-11 23:36:34
663	name_224	url_158_158_1	996	2016-05-12 01:54:34
664	name_920_92	url_205_205_205_	525	2016-05-12 11:14:34
665	name_8_8	url_491_49	75	2016-05-12 11:31:34
666	name_147	url_902_902_902_	769	2016-05-12 11:31:34
667	name_881	url_427_427_427_	958	2016-05-12 08:36:34
668	name_987_98	url_16_16_16_1	765	2016-05-11 23:24:34
669	name_40_40_40_4	url_893_893_8	433	2016-05-12 01:22:34
670	name_887	url_890_890_8	423	2016-05-12 09:29:34
671	name_397	url_679_679_679_	528	2016-05-11 22:49:34
672	name_486_486_4	url_972_97	102	2016-05-12 05:03:34
673	name_446	url_497_49	74	2016-05-12 01:24:34
674	name_743	url_869_869_8	279	2016-05-12 10:25:34
675	name_955_95	url_653_65	10	2016-05-12 09:12:34
676	name_394	url_511_511_5	883	2016-05-12 14:25:34
677	name_203_203_2	url_883_88	110	2016-05-12 04:25:34
678	name_296_296_2	url_548_54	570	2016-05-12 01:17:34
679	name_502_502_5	url_338_338_338_	171	2016-05-12 07:09:34
680	name_307	url_697_69	670	2016-05-12 12:37:34
681	name_588	url_349_349_349_	566	2016-05-12 00:52:34
682	name_214_21	url_240_240_240_	537	2016-05-12 03:04:34
683	name_776	url_156_15	698	2016-05-12 12:03:34
684	name_611_611_6	url_145_14	37	2016-05-12 04:01:34
685	name_164_16	url_321_321_321_	938	2016-05-12 01:29:34
686	name_923_92	url_119_119_119_	727	2016-05-12 05:21:34
687	name_252	url_852_852_8	562	2016-05-12 02:42:34
688	name_655_65	url_738_738_738_	384	2016-05-12 04:15:34
689	name_734_73	url_719_719_719_	521	2016-05-12 11:33:34
690	name_523	url_521_521_521_	281	2016-05-12 11:19:34
691	name_115	url_261_26	317	2016-05-12 12:20:34
692	name_152_152_1	url_45_45_4	762	2016-05-12 04:12:34
693	name_509_509_5	url_159_15	555	2016-05-12 02:13:34
694	name_412	url_240_240_240_	415	2016-05-12 10:46:34
695	name_158_158_1	url_790_790_7	43	2016-05-12 13:55:34
696	name_431_43	url_423_42	413	2016-05-12 01:50:34
697	name_303	url_424_424_424_	674	2016-05-11 23:27:34
698	name_789_789_7	url_478_47	37	2016-05-12 13:47:34
699	name_549_54	url_558_558_5	960	2016-05-12 01:25:34
700	name_145	url_677_677_6	367	2016-05-12 12:29:34
701	name_708_70	url_695_695_695_	933	2016-05-12 04:05:34
702	name_428_428_4	url_372_37	545	2016-05-12 06:43:34
703	name_492_49	url_978_97	180	2016-05-12 05:57:34
704	name_125_125_1	url_536_536_5	323	2016-05-12 00:28:34
705	name_564_564_5	url_989_98	454	2016-05-12 12:42:34
706	name_161_16	url_847_847_8	605	2016-05-12 14:24:34
707	name_365	url_117_117_1	964	2016-05-12 09:58:34
708	name_880	url_475_47	257	2016-05-12 12:11:34
709	name_396	url_244_244_2	889	2016-05-12 14:25:34
710	name_107_10	url_384_384_384_	471	2016-05-12 01:33:34
711	name_456_456_4	url_473_473_473_	16	2016-05-12 04:03:34
712	name_517_51	url_263_263_2	798	2016-05-11 23:17:34
713	name_370_370_3	url_576_576_576_	125	2016-05-12 05:37:34
714	name_948_948_9	url_652_652_6	183	2016-05-12 07:56:34
715	name_437_43	url_446_446_446_	1000	2016-05-12 03:22:34
716	name_893_893_8	url_731_73	696	2016-05-12 13:25:34
717	name_245_24	url_269_269_2	646	2016-05-12 05:52:34
718	name_614_614_6	url_430_430_4	741	2016-05-12 14:56:34
719	name_339	url_254_254_254_	508	2016-05-12 07:09:34
720	name_554	url_501_50	891	2016-05-12 06:49:34
721	name_611_611_6	url_516_516_516_	85	2016-05-12 02:57:34
722	name_119	url_479_479_479_	270	2016-05-12 06:32:34
723	name_125_125_1	url_851_851_851_	805	2016-05-12 13:21:34
724	name_736_73	url_276_276_276_	120	2016-05-12 12:31:34
725	name_503_503_5	url_316_316_316_	405	2016-05-12 03:20:34
726	name_254	url_821_821_821_	213	2016-05-12 01:45:34
727	name_983_98	url_113_113_113_	497	2016-05-12 14:27:34
728	name_318_318_3	url_620_62	520	2016-05-12 06:21:34
729	name_347_347_3	url_474_474_4	658	2016-05-12 00:07:34
730	name_540_54	url_530_530_5	884	2016-05-12 03:10:34
731	name_28_28_28_	url_72_7	86	2016-05-12 10:56:34
732	name_322_32	url_914_914_9	559	2016-05-12 09:16:34
733	name_836_836_8	url_819_819_819_	609	2016-05-12 03:46:34
734	name_98_98_98_	url_273_273_273_	858	2016-05-12 13:48:34
735	name_943_943_9	url_318_31	835	2016-05-12 08:34:34
736	name_951_95	url_382_382_3	697	2016-05-12 01:15:34
737	name_752_752_7	url_56_56_	441	2016-05-12 01:52:34
738	name_74_74	url_648_64	980	2016-05-12 13:18:34
739	name_991	url_136_136_1	940	2016-05-12 10:28:34
740	name_922_92	url_971_971_9	486	2016-05-12 03:41:34
741	name_258	url_6_6_6_	601	2016-05-12 10:26:34
742	name_373_373_3	url_130_130_1	306	2016-05-12 06:41:34
743	name_507_507_5	url_655_655_6	935	2016-05-12 08:48:34
744	name_257	url_108_108_108_	344	2016-05-12 01:01:34
745	name_786_786_7	url_717_717_7	204	2016-05-12 00:22:34
746	name_725_725_7	url_716_716_716_	238	2016-05-12 04:05:34
747	name_48_48_48_	url_873_873_873_	683	2016-05-12 14:16:34
748	name_227	url_190_190_1	938	2016-05-12 07:07:34
749	name_405_40	url_923_92	980	2016-05-12 04:21:34
750	name_228	url_529_52	296	2016-05-12 09:33:34
751	name_211_21	url_499_499_4	50	2016-05-12 12:39:34
752	name_66_66_6	url_190_190_1	837	2016-05-12 05:47:34
753	name_729_729_7	url_943_943_943_	690	2016-05-12 15:02:34
754	name_17_17_17	url_329_32	985	2016-05-12 00:18:34
755	name_269_269_2	url_918_91	532	2016-05-12 07:25:34
756	name_171	url_9_9_9_	454	2016-05-12 12:57:34
757	name_615_615_6	url_158_158_1	74	2016-05-12 15:04:34
758	name_356_35	url_978_97	327	2016-05-12 04:24:34
759	name_850	url_324_324_324_	287	2016-05-12 01:22:34
760	name_169_16	url_251_251_251_	610	2016-05-12 08:21:34
761	name_944_944_9	url_107_10	230	2016-05-12 14:57:34
762	name_262_262_2	url_889_88	968	2016-05-12 14:47:34
763	name_462_46	url_506_506_5	152	2016-05-12 14:34:34
764	name_658_65	url_266_266_2	8	2016-05-12 10:04:34
765	name_440	url_413_413_413_	605	2016-05-12 12:37:34
766	name_634	url_403_403_4	267	2016-05-12 12:23:34
767	name_48_48_48_	url_849_849_849_	175	2016-05-12 04:49:34
768	name_570_57	url_238_238_238_	917	2016-05-12 02:09:34
769	name_836_836_8	url_816_816_816_	942	2016-05-12 15:05:34
770	name_245_24	url_36_36_36	405	2016-05-12 14:34:34
771	name_414	url_474_474_4	833	2016-05-12 05:22:34
772	name_820	url_289_28	270	2016-05-12 09:27:34
773	name_852	url_289_28	107	2016-05-12 05:11:34
774	name_940_940_9	url_995_995_995_	250	2016-05-12 00:55:34
775	name_482_482_4	url_59_59_	254	2016-05-12 07:47:34
776	name_557	url_498_498_498_	341	2016-05-12 04:43:34
777	name_682_68	url_753_75	702	2016-05-12 03:22:34
778	name_492_49	url_730_730_7	375	2016-05-12 10:38:34
779	name_634	url_240_240_240_	195	2016-05-12 14:11:34
780	name_431_43	url_753_75	136	2016-05-12 09:25:34
781	name_656_65	url_792_792_792_	319	2016-05-12 15:05:34
782	name_925_92	url_211_211_2	839	2016-05-12 11:54:34
783	name_709_70	url_707_70	782	2016-05-12 06:36:34
784	name_377_377_3	url_174_174_1	42	2016-05-12 11:59:34
785	name_694	url_44_44_4	722	2016-05-12 02:28:34
786	name_54_54	url_6_6_6_	469	2016-05-12 12:10:34
787	name_579_57	url_951_951_951_	940	2016-05-12 03:44:34
788	name_210_21	url_491_49	683	2016-05-11 23:11:34
789	name_298_298_2	url_759_75	683	2016-05-12 07:00:34
790	name_324_32	url_556_55	282	2016-05-12 06:13:34
791	name_343_343_3	url_158_158_1	246	2016-05-12 05:47:34
792	name_164_16	url_312_31	430	2016-05-12 15:00:34
793	name_483_483_4	url_875_87	430	2016-05-12 06:55:34
794	name_771	url_999_999_9	878	2016-05-12 06:24:34
795	name_113	url_745_74	577	2016-05-12 12:04:34
796	name_155_155_1	url_342_34	826	2016-05-12 09:52:34
797	name_833_833_8	url_186_18	813	2016-05-11 23:13:34
798	name_436_43	url_985_985_9	364	2016-05-12 07:54:34
799	name_998	url_19_19_19_1	801	2016-05-12 05:22:34
800	name_371_371_3	url_627_627_627_	580	2016-05-12 04:50:34
801	name_549_54	url_118_11	823	2016-05-12 04:14:34
802	name_647_647_6	url_551_551_551_	135	2016-05-12 06:53:34
803	name_707_70	url_50_50_	431	2016-05-12 09:06:34
804	name_273_27	url_312_31	178	2016-05-11 23:42:34
805	name_945_945_9	url_476_476_476_	258	2016-05-12 12:48:34
806	name_943_943_9	url_23_23_23_	772	2016-05-12 15:01:34
807	name_339	url_362_362_362_	570	2016-05-12 07:16:34
808	name_800_800_8	url_784_784_784_	166	2016-05-12 10:34:34
809	name_460_46	url_872_87	741	2016-05-12 15:17:34
810	name_999	url_454_454_454_	45	2016-05-12 06:34:34
811	name_223	url_36_36_36	601	2016-05-12 04:55:34
812	name_535_535_5	url_249_249_249_	614	2016-05-12 01:24:34
813	name_824	url_270_270_270_	362	2016-05-12 12:38:34
814	name_766_76	url_138_138_138_	279	2016-05-12 02:26:34
815	name_429_429_4	url_640_640_640_	862	2016-05-12 02:56:34
816	name_533_533_5	url_659_65	307	2016-05-12 01:46:34
817	name_418	url_946_946_946_	747	2016-05-12 02:52:34
818	name_788_788_7	url_656_65	269	2016-05-12 04:16:34
819	name_808_808_8	url_40_40_4	451	2016-05-12 13:41:34
820	name_967	url_437_43	598	2016-05-12 05:49:34
821	name_841_84	url_433_433_4	301	2016-05-12 08:42:34
822	name_911_911_9	url_697_69	273	2016-05-11 23:20:34
823	name_745	url_92_92_92_92	285	2016-05-12 06:12:34
824	name_394	url_799_799_7	260	2016-05-12 08:22:34
825	name_488_488_4	url_382_382_3	55	2016-05-12 04:06:34
826	name_725_725_7	url_901_90	618	2016-05-12 04:21:34
827	name_54_54	url_991_99	327	2016-05-12 04:04:34
828	name_331	url_713_713_713_	670	2016-05-12 13:57:34
829	name_516_51	url_571_571_5	222	2016-05-12 00:11:34
830	name_317_317_3	url_77_7	286	2016-05-12 01:42:34
831	name_4_4_4_4_4	url_186_18	121	2016-05-12 06:03:34
832	name_852	url_28_28_28_	466	2016-05-12 14:21:34
833	name_231_231_2	url_736_736_7	911	2016-05-12 02:23:34
834	name_265_265_2	url_667_66	247	2016-05-12 06:27:34
835	name_940_940_9	url_29_29_29_	130	2016-05-12 03:09:34
836	name_29_29_29_2	url_698_698_698_	748	2016-05-12 08:23:34
837	name_564_564_5	url_883_88	510	2016-05-12 13:43:34
838	name_30_30_30_3	url_469_469_4	574	2016-05-12 12:40:34
839	name_577_57	url_972_97	489	2016-05-12 15:08:34
840	name_223	url_619_619_619_	808	2016-05-12 06:04:34
841	name_6_6_6_	url_4_4_4_4_4_4_	742	2016-05-12 00:54:34
842	name_824	url_446_446_446_	361	2016-05-12 13:52:34
843	name_84_84	url_924_924_924_	959	2016-05-12 14:49:34
844	name_953_95	url_496_496_4	19	2016-05-12 03:06:34
845	name_994	url_680_68	94	2016-05-12 04:47:34
846	name_109_10	url_621_621_621_	761	2016-05-12 02:10:34
847	name_271_27	url_856_85	738	2016-05-12 13:14:34
848	name_733_73	url_515_51	647	2016-05-12 01:46:34
849	name_844_84	url_929_92	539	2016-05-11 23:28:34
850	name_202_202_2	url_492_492_492_	481	2016-05-12 05:39:34
851	name_867_867_8	url_308_308_308_	202	2016-05-12 06:15:34
852	name_185_185_1	url_1000	664	2016-05-12 08:45:34
853	name_908	url_380_38	412	2016-05-12 10:34:34
854	name_231_231_2	url_537_53	319	2016-05-12 12:42:34
855	name_24_24	url_601_60	740	2016-05-12 01:57:34
856	name_701_70	url_690_690_6	182	2016-05-12 14:57:34
857	name_895_895_8	url_656_65	838	2016-05-12 11:09:34
858	name_144	url_22_22_22_	981	2016-05-12 11:48:34
859	name_35_35_	url_910_910_910_	88	2016-05-12 00:56:34
860	name_394	url_912_91	951	2016-05-12 14:19:34
861	name_686_68	url_805_805_805_	160	2016-05-12 06:35:34
862	name_486_486_4	url_921_921_921_	882	2016-05-12 09:38:34
863	name_83_8	url_926_92	374	2016-05-12 01:59:34
864	name_752_752_7	url_659_65	854	2016-05-12 09:21:34
865	name_436_43	url_281_281_281_	253	2016-05-12 13:47:34
866	name_726_726_7	url_921_921_921_	996	2016-05-12 09:01:34
867	name_855	url_39_39_39	267	2016-05-12 08:52:34
868	name_210_21	url_402_402_402_	379	2016-05-12 08:27:34
869	name_332	url_979_979_979_	613	2016-05-12 11:29:34
870	name_10_10_10_1	url_139_139_1	912	2016-05-12 15:11:34
871	name_365	url_478_47	100	2016-05-12 13:45:34
872	name_426_426_4	url_373_373_373_	888	2016-05-12 01:30:34
873	name_665	url_136_136_1	490	2016-05-12 01:51:34
874	name_579_57	url_31_31_31	825	2016-05-12 02:42:34
875	name_507_507_5	url_403_403_4	270	2016-05-12 02:54:34
876	name_750_750_7	url_513_513_513_	645	2016-05-12 00:40:34
877	name_372_372_3	url_560_560_5	60	2016-05-12 08:33:34
878	name_757_757_7	url_716_716_716_	70	2016-05-12 00:11:34
879	name_106_10	url_569_569_5	627	2016-05-12 14:50:34
880	name_459_459_4	url_865_865_865_	246	2016-05-12 02:42:34
881	name_212_21	url_330_330_3	856	2016-05-12 00:59:34
882	name_908	url_143_143_143_	431	2016-05-12 14:46:34
883	name_81_81_81_81	url_939_939_9	366	2016-05-12 07:11:34
884	name_188_188_1	url_475_47	77	2016-05-12 10:22:34
885	name_756_756_7	url_639_639_6	845	2016-05-12 12:20:34
886	name_126_126_1	url_443_443_443_	100	2016-05-12 06:23:34
887	name_448	url_843_843_843_	477	2016-05-12 14:00:34
888	name_686_68	url_467_46	977	2016-05-12 07:24:34
889	name_110	url_192_192_192_	875	2016-05-12 12:03:34
890	name_341_341_3	url_550_55	390	2016-05-12 09:48:34
891	name_574_57	url_300_300_3	983	2016-05-11 22:55:34
892	name_685_68	url_212_21	506	2016-05-12 04:37:34
893	name_173	url_580_58	359	2016-05-12 03:45:34
894	name_806_806_8	url_625_625_6	171	2016-05-11 22:52:34
895	name_938	url_536_536_5	680	2016-05-12 12:22:34
896	name_80_80_80_8	url_603_603_6	82	2016-05-12 08:06:34
897	name_471	url_873_873_873_	464	2016-05-12 07:36:34
898	name_971_971_9	url_835_835_835_	390	2016-05-12 10:30:34
899	name_104_10	url_123_12	839	2016-05-12 06:46:34
900	name_385_38	url_602_602_602_	462	2016-05-12 02:01:34
901	name_263_263_2	url_311_311_3	255	2016-05-12 14:28:34
902	name_867_867_8	url_335_335_335_	650	2016-05-12 01:54:34
903	name_737_73	url_280_28	617	2016-05-12 02:01:34
904	name_115	url_902_902_902_	455	2016-05-12 12:24:34
905	name_759_759_7	url_714_714_7	517	2016-05-12 05:31:34
906	name_324_32	url_526_52	276	2016-05-12 13:39:34
907	name_341_341_3	url_998_998_998_	152	2016-05-12 03:41:34
908	name_260_260_2	url_21_21_21_	29	2016-05-12 15:16:34
909	name_23_2	url_445_44	901	2016-05-12 04:33:34
910	name_568_568_5	url_602_602_602_	277	2016-05-12 03:53:34
911	name_727_727_7	url_204_20	330	2016-05-12 01:18:34
912	name_193_19	url_151_151_151_	192	2016-05-12 00:18:34
913	name_689_68	url_359_35	36	2016-05-12 09:17:34
914	name_851	url_209_209_2	948	2016-05-11 23:20:34
915	name_557	url_384_384_384_	725	2016-05-12 09:56:34
916	name_188_188_1	url_663_663_6	476	2016-05-12 12:18:34
917	name_679_679_6	url_439_439_4	439	2016-05-12 02:00:34
918	name_237_237_2	url_649_649_649_	704	2016-05-12 06:17:34
919	name_909	url_137_13	838	2016-05-12 07:52:34
920	name_45_45_	url_956_95	650	2016-05-12 07:55:34
921	name_49_49_49_4	url_991_99	230	2016-05-12 03:15:34
922	name_829	url_487_487_487_	697	2016-05-12 02:45:34
923	name_333	url_524_524_524_	925	2016-05-12 02:29:34
924	name_987_98	url_161_16	993	2016-05-12 08:33:34
925	name_999	url_551_551_551_	967	2016-05-12 08:14:34
926	name_239_239_2	url_751_751_751_	228	2016-05-11 23:05:34
927	name_58_58_58_	url_6_6_6_	28	2016-05-12 00:39:34
928	name_943_943_9	url_296_296_2	420	2016-05-12 00:13:34
929	name_953_95	url_506_506_5	666	2016-05-11 23:04:34
930	name_320_32	url_991_99	592	2016-05-12 15:02:34
931	name_523	url_220_22	675	2016-05-12 11:57:34
932	name_953_95	url_828_828_8	301	2016-05-12 04:09:34
933	name_785_785_7	url_256_25	217	2016-05-12 12:36:34
934	name_5_5	url_636_636_6	193	2016-05-12 10:35:34
935	name_161_16	url_255_255_2	645	2016-05-12 13:41:34
936	name_122_122_1	url_633_633_6	786	2016-05-12 07:38:34
937	name_982_98	url_767_76	482	2016-05-12 02:44:34
938	name_339	url_860_860_8	808	2016-05-12 09:43:34
939	name_394	url_196_196_1	988	2016-05-12 13:05:34
940	name_842_84	url_598_598_598_	49	2016-05-12 13:18:34
941	name_484_484_4	url_411_411_4	797	2016-05-11 23:33:34
942	name_28_28_28_	url_363_363_3	353	2016-05-12 07:02:34
943	name_653_65	url_333_333_3	402	2016-05-12 11:41:34
944	name_981_98	url_803_803_8	815	2016-05-12 01:48:34
945	name_144	url_94_94_94_94	765	2016-05-12 11:05:34
946	name_596_596_5	url_290_290_2	834	2016-05-12 02:34:34
947	name_634	url_775_77	495	2016-05-12 02:09:34
948	name_507_507_5	url_123_12	715	2016-05-12 05:10:34
949	name_904	url_753_75	301	2016-05-12 06:58:34
950	name_770	url_25_25_25_	332	2016-05-12 14:52:34
951	name_168_16	url_151_151_151_	94	2016-05-11 23:06:34
952	name_207_207_2	url_476_476_476_	310	2016-05-12 02:51:34
953	name_608	url_92_92_92_92	903	2016-05-12 01:24:34
954	name_413	url_850_85	174	2016-05-12 04:37:34
955	name_653_65	url_24_24_24_	147	2016-05-12 01:13:34
956	name_151_151_1	url_220_22	565	2016-05-12 08:46:34
957	name_773	url_239_239_2	954	2016-05-12 10:27:34
958	name_777	url_813_813_813_	560	2016-05-12 06:36:34
959	name_98_98_98_	url_673_673_673_	131	2016-05-12 13:24:34
960	name_296_296_2	url_841_841_8	992	2016-05-11 23:34:34
961	name_644_644_6	url_749_749_749_	485	2016-05-12 10:44:34
962	name_767_76	url_260_260_2	698	2016-05-12 08:52:34
963	name_164_16	url_625_625_6	474	2016-05-12 07:38:34
964	name_866_866_8	url_478_47	354	2016-05-12 02:16:34
965	name_697	url_821_821_821_	561	2016-05-12 07:43:34
966	name_591_591_5	url_220_22	578	2016-05-12 12:38:34
967	name_162_16	url_45_45_4	766	2016-05-12 06:50:34
968	name_624_62	url_583_58	463	2016-05-12 02:38:34
969	name_887	url_171_171_1	903	2016-05-11 23:09:34
970	name_99_99_99_9	url_399_399_3	880	2016-05-12 00:43:34
971	name_824	url_125_125_1	867	2016-05-12 00:02:34
972	name_701_70	url_855_855_8	879	2016-05-12 09:46:34
973	name_733_73	url_193_193_1	472	2016-05-12 15:11:34
974	name_927_92	url_66_66	184	2016-05-12 12:06:34
975	name_363	url_943_943_943_	924	2016-05-12 10:15:34
976	name_116	url_706_706_7	55	2016-05-12 10:17:34
977	name_987_98	url_558_558_5	75	2016-05-12 01:37:34
978	name_670_670_6	url_574_574_5	944	2016-05-12 09:29:34
979	name_437_43	url_964_96	704	2016-05-12 00:48:34
980	name_334	url_76_7	679	2016-05-12 13:34:34
981	name_189_189_1	url_423_42	552	2016-05-12 06:55:34
982	name_246_24	url_559_55	241	2016-05-12 05:01:34
983	name_999	url_306_306_3	430	2016-05-12 06:14:34
984	name_7_7_7_7_7	url_7_7_7_7_7_7_	651	2016-05-12 06:19:34
985	name_696	url_705_705_705_	316	2016-05-12 07:44:34
986	name_691	url_695_695_695_	368	2016-05-12 10:16:34
987	name_731_73	url_191_19	61	2016-05-11 23:00:34
988	name_246_24	url_351_351_351_	320	2016-05-12 13:11:34
989	name_488_488_4	url_33_33_33	88	2016-05-12 14:26:34
990	name_246_24	url_186_18	286	2016-05-12 01:51:34
991	name_517_51	url_595_595_595_	928	2016-05-12 07:49:34
992	name_717	url_584_584_584_	109	2016-05-12 03:28:34
993	name_828	url_469_469_4	752	2016-05-12 04:19:34
994	name_8_8	url_781_781_781_	988	2016-05-11 23:38:34
995	name_4_4_4_4_4	url_645_64	558	2016-05-12 05:53:34
996	name_52_	url_908_908_908_	830	2016-05-12 12:23:34
997	name_568_568_5	url_929_92	799	2016-05-12 05:53:34
998	name_980_98	url_524_524_524_	843	2016-05-12 01:14:34
999	name_499_49	url_601_60	504	2016-05-12 07:11:34
1000	name_887	url_749_749_749_	115	2016-05-12 01:32:34
\.

-- fill table prices (1000)
\echo # filling table prices (1000)
COPY prices (id,products_id,creation_date,value,currency) FROM STDIN (ENCODING 'utf-8');
1	374	2016-05-12 06:16:34	76.8915820032	USD
2	471	2016-05-12 02:31:34	165.521494984	EUR
3	99	2016-05-12 01:40:34	139.068331361	USD
4	130	2016-05-12 11:09:34	160.451544232	USD
5	754	2016-05-12 04:27:34	152.348766701	EUR
6	240	2016-05-12 13:24:34	170.850334035	EUR
7	479	2016-05-12 09:09:34	67.9879857871	USD
8	408	2016-05-12 14:20:34	159.282612436	USD
9	897	2016-05-12 02:07:34	22.5572111638	EUR
10	693	2016-05-12 12:44:34	82.281575009	EUR
11	208	2016-05-12 10:51:34	3.39675600059	EUR
12	598	2016-05-12 10:37:34	164.439425446	EUR
13	93	2016-05-12 00:10:34	71.1518056443	EUR
14	734	2016-05-12 04:58:34	69.2262373372	EUR
15	266	2016-05-12 12:51:34	121.676282774	USD
16	679	2016-05-12 02:28:34	156.566403527	USD
17	704	2016-05-12 01:04:34	145.902565503	USD
18	404	2016-05-12 10:56:34	27.3821719104	EUR
19	393	2016-05-12 05:41:34	67.2725006724	USD
20	562	2016-05-11 23:39:34	79.2298570773	EUR
21	300	2016-05-12 03:08:34	91.1636919362	EUR
22	264	2016-05-12 14:51:34	44.0107666098	USD
23	476	2016-05-12 12:34:34	32.1382883883	USD
24	333	2016-05-12 13:34:34	56.2059781483	EUR
25	872	2016-05-12 09:32:34	12.3103021661	USD
26	408	2016-05-12 14:28:34	163.894769537	USD
27	397	2016-05-12 06:40:34	59.0231218267	USD
28	654	2016-05-12 12:35:34	110.617694053	EUR
29	989	2016-05-12 01:54:34	56.4939089908	EUR
30	323	2016-05-12 07:58:34	6.0152350749	USD
31	91	2016-05-12 13:37:34	147.375141793	EUR
32	978	2016-05-12 12:10:34	45.3076910891	USD
33	687	2016-05-12 05:14:34	138.885121627	EUR
34	445	2016-05-12 09:46:34	125.462494135	USD
35	90	2016-05-12 15:12:34	77.7510162696	EUR
36	827	2016-05-11 23:59:34	95.0376180986	USD
37	963	2016-05-12 12:28:34	30.2776911511	EUR
38	783	2016-05-11 23:00:34	131.321343481	EUR
39	905	2016-05-12 02:38:34	19.9237660216	EUR
40	215	2016-05-12 14:43:34	25.2758174863	EUR
41	281	2016-05-12 07:02:34	81.8786976312	USD
42	293	2016-05-12 08:14:34	104.500717229	EUR
43	165	2016-05-12 12:37:34	30.8999956954	USD
44	238	2016-05-12 13:41:34	40.8852504022	USD
45	923	2016-05-11 22:51:34	125.591859803	EUR
46	963	2016-05-12 11:20:34	108.854427777	USD
47	309	2016-05-11 23:57:34	83.9574359366	USD
48	356	2016-05-11 23:02:34	23.4260276017	EUR
49	989	2016-05-12 13:48:34	45.9470615065	EUR
50	371	2016-05-12 03:04:34	82.6315256691	EUR
51	233	2016-05-12 07:59:34	72.1546710569	USD
52	951	2016-05-11 23:45:34	4.23985513299	EUR
53	411	2016-05-11 23:41:34	121.967348429	EUR
54	424	2016-05-12 01:59:34	85.151624108	EUR
55	430	2016-05-12 14:51:34	165.928092992	USD
56	544	2016-05-12 02:18:34	154.845489715	USD
57	380	2016-05-12 11:42:34	39.1835118247	USD
58	647	2016-05-11 23:29:34	125.054875727	EUR
59	411	2016-05-12 09:36:34	116.026737389	USD
60	19	2016-05-12 05:46:34	103.512966029	EUR
61	362	2016-05-12 01:18:34	12.3304663128	USD
62	687	2016-05-12 01:24:34	96.5041594848	USD
63	75	2016-05-12 08:25:34	151.195700634	EUR
64	736	2016-05-12 04:23:34	171.748131069	EUR
65	162	2016-05-12 14:50:34	143.480627349	USD
66	458	2016-05-12 07:54:34	44.3315251152	USD
67	117	2016-05-12 14:44:34	78.8192813304	USD
68	100	2016-05-12 03:54:34	159.94331535	USD
69	979	2016-05-12 14:16:34	20.5110912341	EUR
70	843	2016-05-12 09:21:34	57.8985487244	EUR
71	587	2016-05-12 14:18:34	96.8976389509	USD
72	63	2016-05-12 14:13:34	52.5842535288	EUR
73	299	2016-05-12 15:12:34	55.3590689011	USD
74	714	2016-05-12 10:15:34	6.05938526675	EUR
75	33	2016-05-12 12:29:34	15.5203009036	USD
76	865	2016-05-12 00:43:34	173.006253753	USD
77	206	2016-05-11 23:46:34	142.221400224	USD
78	819	2016-05-12 15:24:34	25.0829359897	USD
79	367	2016-05-12 06:27:34	92.5377133185	USD
80	10	2016-05-12 04:29:34	105.107022486	USD
81	943	2016-05-12 04:20:34	5.75708733296	EUR
82	829	2016-05-12 01:05:34	91.8530349785	USD
83	134	2016-05-12 11:39:34	5.30332683426	EUR
84	277	2016-05-12 04:38:34	30.826485782	USD
85	198	2016-05-12 06:34:34	64.4853834999	EUR
86	159	2016-05-12 09:08:34	38.44788872	USD
87	338	2016-05-12 13:07:34	130.506528722	USD
88	709	2016-05-12 04:53:34	59.7514851037	EUR
89	771	2016-05-12 09:31:34	108.891692799	EUR
90	380	2016-05-12 14:02:34	113.559698485	USD
91	493	2016-05-12 06:49:34	34.3463569346	EUR
92	80	2016-05-12 14:07:34	141.0876907	EUR
93	506	2016-05-12 04:58:34	100.939337032	USD
94	954	2016-05-12 15:25:34	172.028915363	USD
95	65	2016-05-12 08:49:34	46.2107889824	USD
96	180	2016-05-12 05:18:34	147.663659439	EUR
97	174	2016-05-12 14:59:34	133.498636161	USD
98	982	2016-05-12 04:46:34	88.6397999923	EUR
99	266	2016-05-12 08:16:34	87.0782543397	USD
100	203	2016-05-12 15:20:34	169.470134478	USD
101	709	2016-05-12 02:10:34	41.4884633064	USD
102	135	2016-05-12 07:22:34	84.7808382081	USD
103	882	2016-05-12 15:23:34	142.69839255	EUR
104	570	2016-05-12 14:42:34	75.9695956042	EUR
105	66	2016-05-12 00:20:34	61.0091002188	USD
106	163	2016-05-12 10:27:34	2.20664213447	EUR
107	168	2016-05-12 05:28:34	125.980749127	USD
108	577	2016-05-12 01:01:34	13.3869762425	EUR
109	401	2016-05-12 12:50:34	66.1549078491	USD
110	358	2016-05-12 08:33:34	35.7428663278	USD
111	525	2016-05-12 08:51:34	84.6822185093	EUR
112	110	2016-05-12 11:11:34	121.300144531	EUR
113	809	2016-05-12 11:29:34	72.7493294298	USD
114	207	2016-05-12 05:00:34	57.5448069713	EUR
115	407	2016-05-12 08:25:34	152.096207768	USD
116	842	2016-05-12 12:58:34	97.5654630359	USD
117	416	2016-05-12 05:52:34	155.515169792	USD
118	798	2016-05-12 06:02:34	66.3083162677	USD
119	512	2016-05-12 00:03:34	86.1390027132	USD
120	987	2016-05-12 00:15:34	99.4719526492	EUR
121	851	2016-05-12 11:07:34	88.8800267454	USD
122	760	2016-05-12 11:24:34	151.174861562	USD
123	786	2016-05-12 07:39:34	163.474265853	EUR
124	820	2016-05-12 01:14:34	24.0589505006	EUR
125	473	2016-05-12 08:31:34	81.5165339321	EUR
126	754	2016-05-12 11:18:34	79.7852403116	EUR
127	478	2016-05-12 11:03:34	125.980883207	USD
128	722	2016-05-12 02:07:34	85.716847851	EUR
129	275	2016-05-12 14:42:34	121.666737805	USD
130	922	2016-05-11 23:42:34	87.0284039399	USD
131	564	2016-05-12 06:49:34	140.867283639	EUR
132	479	2016-05-12 09:41:34	111.753283441	EUR
133	573	2016-05-12 08:06:34	12.1795118101	EUR
134	800	2016-05-12 04:04:34	6.53363228797	USD
135	510	2016-05-12 09:04:34	69.3195652281	USD
136	405	2016-05-12 12:31:34	83.1540703771	EUR
137	911	2016-05-12 13:52:34	50.6607072744	EUR
138	196	2016-05-12 12:00:34	11.6902163978	EUR
139	602	2016-05-12 11:37:34	149.515800018	USD
140	723	2016-05-12 05:35:34	105.666439927	EUR
141	612	2016-05-11 23:54:34	93.1057852087	USD
142	932	2016-05-12 11:15:34	140.230222342	EUR
143	233	2016-05-12 13:46:34	10.1810419546	USD
144	296	2016-05-12 14:11:34	159.794107021	USD
145	190	2016-05-12 10:23:34	109.156572955	EUR
146	515	2016-05-12 14:02:34	68.0324029237	EUR
147	220	2016-05-12 01:14:34	102.470008988	EUR
148	300	2016-05-12 03:59:34	151.88088178	EUR
149	433	2016-05-12 14:19:34	58.108175762	EUR
150	781	2016-05-12 00:23:34	130.553826657	USD
151	701	2016-05-12 09:11:34	56.1236822799	USD
152	322	2016-05-12 06:34:34	1.88985403022	EUR
153	610	2016-05-12 14:29:34	118.284900798	USD
154	526	2016-05-12 05:27:34	143.89934985	USD
155	664	2016-05-12 10:52:34	12.3601404218	USD
156	710	2016-05-12 10:37:34	134.281924058	USD
157	637	2016-05-12 02:01:34	123.967929868	USD
158	825	2016-05-12 09:31:34	94.1327047189	EUR
159	159	2016-05-12 08:10:34	44.6665115165	USD
160	922	2016-05-12 05:12:34	35.3151497772	USD
161	650	2016-05-12 04:48:34	75.599800001	EUR
162	183	2016-05-12 05:49:34	166.665646817	EUR
163	893	2016-05-12 09:19:34	134.571820229	EUR
164	51	2016-05-12 08:50:34	141.753446971	EUR
165	315	2016-05-12 09:24:34	16.9625139553	EUR
166	801	2016-05-12 00:32:34	171.040653404	EUR
167	291	2016-05-12 03:05:34	115.355026732	USD
168	386	2016-05-12 08:42:34	150.145353988	USD
169	843	2016-05-12 01:51:34	114.00274707	USD
170	41	2016-05-12 02:46:34	145.005418616	EUR
171	652	2016-05-12 09:23:34	68.0919435067	USD
172	527	2016-05-12 12:00:34	86.8275083948	USD
173	546	2016-05-12 10:34:34	161.040836438	EUR
174	417	2016-05-12 14:11:34	105.778661333	USD
175	743	2016-05-12 10:44:34	65.7497516069	USD
176	410	2016-05-12 10:37:34	167.226436854	EUR
177	964	2016-05-12 03:59:34	30.9582625878	USD
178	356	2016-05-12 03:20:34	115.832769383	USD
179	853	2016-05-12 05:19:34	97.1296509082	USD
180	289	2016-05-12 13:42:34	92.7854585517	USD
181	62	2016-05-12 02:42:34	125.091188151	EUR
182	939	2016-05-12 03:25:34	26.5022476283	USD
183	680	2016-05-12 11:25:34	4.21370026092	USD
184	806	2016-05-12 09:31:34	83.5081009586	EUR
185	979	2016-05-12 03:04:34	84.1146278734	EUR
186	890	2016-05-12 01:08:34	50.87096585	USD
187	923	2016-05-12 06:09:34	84.1991996159	USD
188	844	2016-05-12 02:27:34	5.57044488011	USD
189	704	2016-05-11 22:57:34	117.411531573	EUR
190	51	2016-05-12 14:43:34	37.2047710601	EUR
191	756	2016-05-12 06:16:34	146.393275519	EUR
192	215	2016-05-12 08:21:34	143.504270444	USD
193	62	2016-05-12 01:01:34	31.6477277346	USD
194	887	2016-05-12 09:17:34	57.0745562778	USD
195	195	2016-05-12 08:06:34	28.9455045932	EUR
196	676	2016-05-12 02:24:34	92.6185485736	USD
197	888	2016-05-12 06:13:34	10.9240107292	USD
198	232	2016-05-12 07:08:34	7.15247109828	USD
199	990	2016-05-12 10:01:34	43.8370584589	USD
200	202	2016-05-12 09:11:34	50.7133706821	USD
201	669	2016-05-12 08:01:34	168.184674974	USD
202	96	2016-05-12 13:11:34	150.713774573	USD
203	219	2016-05-12 03:02:34	98.5722072461	USD
204	940	2016-05-12 14:49:34	84.3701130372	EUR
205	651	2016-05-12 07:06:34	88.6062145021	EUR
206	212	2016-05-12 12:21:34	155.84968874	USD
207	297	2016-05-12 05:11:34	46.2237117686	USD
208	771	2016-05-12 04:09:34	59.9151702709	USD
209	173	2016-05-12 03:01:34	173.298486605	EUR
210	346	2016-05-12 01:25:34	128.748764113	USD
211	753	2016-05-12 00:25:34	3.64368916106	USD
212	808	2016-05-12 04:18:34	120.542403861	EUR
213	687	2016-05-12 01:27:34	96.8483572928	USD
214	412	2016-05-12 05:32:34	53.4100782515	EUR
215	114	2016-05-11 23:24:34	68.4744929242	EUR
216	907	2016-05-12 00:58:34	87.74863316	USD
217	657	2016-05-12 05:42:34	147.681315479	EUR
218	875	2016-05-12 06:19:34	172.47232558	USD
219	540	2016-05-12 06:25:34	131.146086906	USD
220	819	2016-05-12 06:51:34	171.167511915	USD
221	238	2016-05-12 03:51:34	149.292828154	USD
222	610	2016-05-12 05:45:34	161.620390719	EUR
223	63	2016-05-12 02:58:34	90.2464509137	USD
224	756	2016-05-12 03:06:34	109.435422864	EUR
225	617	2016-05-12 06:53:34	48.938529065	USD
226	616	2016-05-12 07:37:34	2.66470724129	USD
227	545	2016-05-12 10:24:34	86.3497363456	USD
228	118	2016-05-12 02:58:34	84.5180944794	USD
229	988	2016-05-12 09:55:34	85.6977680503	USD
230	56	2016-05-12 10:03:34	131.422172928	USD
231	444	2016-05-12 10:57:34	138.093856665	EUR
232	110	2016-05-12 07:05:34	133.250739043	USD
233	138	2016-05-12 15:17:34	150.418241848	EUR
234	202	2016-05-12 05:29:34	89.0905570587	USD
235	525	2016-05-12 05:57:34	45.8723500545	EUR
236	708	2016-05-12 07:40:34	55.3399296182	USD
237	648	2016-05-12 09:58:34	86.8552748551	EUR
238	752	2016-05-12 03:47:34	91.0157838146	USD
239	730	2016-05-12 09:48:34	130.014755277	EUR
240	443	2016-05-12 08:31:34	63.0981755387	EUR
241	456	2016-05-12 13:26:34	16.456349525	USD
242	833	2016-05-12 01:02:34	11.4613234991	USD
243	514	2016-05-11 23:59:34	154.70703935	EUR
244	738	2016-05-12 08:19:34	168.277469431	EUR
245	356	2016-05-12 01:15:34	31.0458588863	EUR
246	702	2016-05-12 03:41:34	117.988134812	EUR
247	193	2016-05-12 14:37:34	130.08751911	EUR
248	635	2016-05-12 06:07:34	45.0325147761	USD
249	78	2016-05-12 08:26:34	62.7072066296	EUR
250	215	2016-05-12 13:56:34	89.5670964129	USD
251	980	2016-05-12 05:12:34	45.7516979176	USD
252	54	2016-05-11 23:53:34	58.9682255345	EUR
253	646	2016-05-12 10:45:34	83.1322277489	USD
254	239	2016-05-12 05:32:34	137.886679699	EUR
255	991	2016-05-12 05:11:34	71.548802836	USD
256	729	2016-05-12 13:49:34	39.895743309	USD
257	935	2016-05-12 05:40:34	158.857134743	USD
258	144	2016-05-12 13:58:34	142.844693882	EUR
259	551	2016-05-12 01:29:34	48.6123378063	USD
260	400	2016-05-12 15:13:34	116.25745849	EUR
261	905	2016-05-12 10:05:34	141.682270959	USD
262	386	2016-05-12 14:59:34	62.8577933503	USD
263	483	2016-05-12 04:59:34	55.2260845573	EUR
264	875	2016-05-12 14:09:34	45.0097365395	EUR
265	763	2016-05-12 09:52:34	134.340618809	EUR
266	353	2016-05-12 02:02:34	74.0628726896	EUR
267	446	2016-05-12 12:48:34	102.855932938	EUR
268	938	2016-05-12 11:05:34	123.697273138	EUR
269	918	2016-05-12 02:34:34	172.541919241	EUR
270	360	2016-05-12 00:45:34	173.260851712	USD
271	341	2016-05-12 13:45:34	152.932133305	EUR
272	568	2016-05-12 05:58:34	119.541966454	USD
273	187	2016-05-12 09:55:34	16.6711797277	EUR
274	826	2016-05-12 00:40:34	5.46800225417	USD
275	70	2016-05-11 23:10:34	163.221157703	USD
276	282	2016-05-12 10:59:34	17.0901140272	USD
277	760	2016-05-12 01:56:34	81.9886499907	USD
278	86	2016-05-12 02:41:34	36.4063823212	EUR
279	457	2016-05-12 04:16:34	163.683940606	USD
280	833	2016-05-12 09:41:34	10.226250024	EUR
281	951	2016-05-12 12:15:34	17.740971852	USD
282	988	2016-05-12 07:35:34	160.438486443	EUR
283	608	2016-05-11 22:52:34	119.79436629	USD
284	410	2016-05-12 07:26:34	145.079564297	USD
285	8	2016-05-12 14:43:34	53.6227286293	USD
286	406	2016-05-12 14:15:34	13.4521843219	USD
287	565	2016-05-12 06:25:34	165.853462569	USD
288	85	2016-05-12 10:30:34	31.0802644622	EUR
289	173	2016-05-12 05:22:34	131.294267353	USD
290	323	2016-05-12 03:58:34	114.660695495	EUR
291	890	2016-05-12 15:05:34	145.197168099	USD
292	197	2016-05-11 22:54:34	96.6213572685	USD
293	773	2016-05-11 23:31:34	168.534659057	EUR
294	716	2016-05-12 09:55:34	36.3727475817	USD
295	859	2016-05-12 12:20:34	167.502054592	EUR
296	250	2016-05-12 01:22:34	142.368219055	EUR
297	792	2016-05-12 14:20:34	56.7001477905	EUR
298	27	2016-05-12 06:16:34	49.4926741678	EUR
299	848	2016-05-11 23:14:34	159.376597979	USD
300	421	2016-05-12 11:24:34	111.218277922	USD
301	766	2016-05-12 02:17:34	54.7211074195	USD
302	476	2016-05-12 09:59:34	22.2915939763	EUR
303	851	2016-05-12 01:49:34	33.1881616764	USD
304	944	2016-05-12 01:31:34	128.374829045	EUR
305	588	2016-05-12 02:29:34	43.0804717021	EUR
306	492	2016-05-12 00:50:34	164.469410073	USD
307	244	2016-05-12 07:30:34	19.6661294508	EUR
308	128	2016-05-12 08:35:34	96.3218848926	EUR
309	275	2016-05-12 05:07:34	87.7573275442	USD
310	253	2016-05-12 14:12:34	167.926888609	USD
311	652	2016-05-12 06:51:34	91.3799425607	USD
312	781	2016-05-12 15:20:34	158.549335292	EUR
313	847	2016-05-12 06:08:34	57.6954001724	USD
314	652	2016-05-12 03:16:34	6.85913261999	EUR
315	396	2016-05-12 01:20:34	93.5003421858	USD
316	616	2016-05-12 13:17:34	174.701197801	USD
317	471	2016-05-12 05:27:34	123.778348085	EUR
318	634	2016-05-11 22:55:34	2.36448207078	EUR
319	659	2016-05-12 12:30:34	52.4656101809	USD
320	367	2016-05-12 08:39:34	135.923025731	USD
321	299	2016-05-12 05:52:34	92.1427139872	EUR
322	690	2016-05-12 04:24:34	109.134058461	EUR
323	455	2016-05-12 04:10:34	41.4446981528	EUR
324	864	2016-05-12 00:54:34	7.05040436145	USD
325	666	2016-05-12 09:07:34	158.489080748	EUR
326	60	2016-05-12 09:11:34	170.214578069	USD
327	794	2016-05-12 12:10:34	12.8189871172	USD
328	394	2016-05-12 04:44:34	112.222620708	USD
329	74	2016-05-11 23:01:34	75.9404831174	USD
330	289	2016-05-12 02:26:34	32.085913356	USD
331	597	2016-05-12 03:58:34	92.8857536394	EUR
332	349	2016-05-11 23:43:34	83.7996238948	EUR
333	558	2016-05-11 23:10:34	39.7630292751	EUR
334	172	2016-05-12 08:11:34	30.5207874766	EUR
335	921	2016-05-11 23:16:34	168.041740157	USD
336	538	2016-05-12 04:50:34	73.7200937435	EUR
337	605	2016-05-12 05:18:34	87.6134179507	EUR
338	425	2016-05-12 14:26:34	75.1589699926	USD
339	675	2016-05-12 12:21:34	69.5768495968	USD
340	36	2016-05-11 23:04:34	153.45899302	USD
341	776	2016-05-12 02:36:34	36.7763908641	EUR
342	227	2016-05-12 08:28:34	28.0501694045	USD
343	165	2016-05-12 02:48:34	174.096614771	USD
344	159	2016-05-12 08:19:34	95.9847013296	EUR
345	508	2016-05-12 10:03:34	157.931213326	EUR
346	578	2016-05-12 00:17:34	126.19485654	USD
347	939	2016-05-12 05:48:34	17.8243006035	USD
348	100	2016-05-11 22:46:34	26.2140318251	USD
349	297	2016-05-12 01:29:34	28.7513003971	EUR
350	973	2016-05-12 02:31:34	129.391825685	USD
351	89	2016-05-12 03:03:34	9.30064116144	USD
352	420	2016-05-12 03:05:34	143.947672021	EUR
353	189	2016-05-12 05:02:34	1.78371020911	EUR
354	288	2016-05-12 03:08:34	110.552864265	USD
355	320	2016-05-12 12:41:34	87.650146094	USD
356	392	2016-05-12 05:34:34	123.888013687	EUR
357	724	2016-05-12 06:30:34	120.164681666	USD
358	908	2016-05-12 11:31:34	152.964012418	USD
359	547	2016-05-12 02:38:34	76.3855024295	EUR
360	892	2016-05-11 23:59:34	124.513503567	EUR
361	166	2016-05-12 09:18:34	91.3327500782	USD
362	529	2016-05-12 13:02:34	80.1736203708	USD
363	924	2016-05-12 13:48:34	42.0119628576	USD
364	314	2016-05-12 04:41:34	55.9019523874	EUR
365	632	2016-05-12 03:40:34	113.53874636	EUR
366	718	2016-05-12 00:03:34	104.539242694	USD
367	512	2016-05-12 08:28:34	113.358062362	USD
368	868	2016-05-12 15:02:34	137.569007628	USD
369	5	2016-05-12 14:29:34	34.7202746277	EUR
370	432	2016-05-12 09:53:34	46.1302277339	EUR
371	914	2016-05-12 07:53:34	136.54465944	EUR
372	530	2016-05-12 02:51:34	108.184889503	EUR
373	804	2016-05-12 09:05:34	137.787986487	EUR
374	198	2016-05-12 12:32:34	87.2578840487	EUR
375	161	2016-05-12 00:21:34	92.1693881255	EUR
376	381	2016-05-12 09:23:34	79.782748742	USD
377	495	2016-05-12 12:30:34	137.849610883	USD
378	473	2016-05-12 09:20:34	123.999854626	USD
379	463	2016-05-12 15:13:34	108.287730356	EUR
380	434	2016-05-12 07:40:34	36.8168491915	USD
381	86	2016-05-12 14:59:34	40.5045375119	USD
382	365	2016-05-12 07:42:34	93.0859716575	EUR
383	226	2016-05-12 11:30:34	103.171601634	USD
384	718	2016-05-12 08:12:34	148.303382033	EUR
385	158	2016-05-12 08:04:34	97.4702374362	USD
386	130	2016-05-11 23:38:34	78.8000330227	USD
387	755	2016-05-12 05:48:34	127.237567371	EUR
388	39	2016-05-12 07:45:34	131.845309952	EUR
389	552	2016-05-12 01:09:34	73.5714427327	EUR
390	851	2016-05-12 08:39:34	99.2511141152	USD
391	487	2016-05-12 08:37:34	94.9007259581	USD
392	844	2016-05-12 10:39:34	166.539126932	EUR
393	161	2016-05-12 00:40:34	28.2811200012	USD
394	686	2016-05-12 12:12:34	108.34095377	EUR
395	865	2016-05-12 10:27:34	134.857222767	USD
396	493	2016-05-12 01:45:34	45.2591865848	EUR
397	398	2016-05-12 07:52:34	154.807830489	USD
398	123	2016-05-12 12:12:34	114.115367579	USD
399	923	2016-05-12 12:22:34	47.4662405273	EUR
400	480	2016-05-12 08:15:34	103.427267592	EUR
401	214	2016-05-12 03:55:34	140.203741742	USD
402	194	2016-05-12 04:10:34	112.589059343	EUR
403	596	2016-05-11 23:04:34	38.6812842791	USD
404	549	2016-05-12 15:09:34	152.474527625	USD
405	557	2016-05-12 00:03:34	62.9961592354	USD
406	219	2016-05-12 08:45:34	19.7411948874	USD
407	344	2016-05-12 07:51:34	128.621246902	USD
408	361	2016-05-12 04:44:34	124.742224356	USD
409	929	2016-05-12 09:24:34	63.0334201568	EUR
410	286	2016-05-12 14:41:34	102.372717723	USD
411	21	2016-05-12 04:44:34	32.1435922542	USD
412	304	2016-05-12 05:25:34	123.215046537	EUR
413	967	2016-05-12 04:36:34	30.2661860913	USD
414	149	2016-05-12 00:08:34	166.226437583	EUR
415	483	2016-05-11 23:51:34	19.6038492016	EUR
416	877	2016-05-12 10:26:34	61.3355528103	USD
417	637	2016-05-12 11:31:34	156.218355332	USD
418	435	2016-05-11 23:08:34	150.776786352	USD
419	769	2016-05-11 23:31:34	107.321651184	USD
420	429	2016-05-12 03:52:34	8.70274360312	USD
421	248	2016-05-12 07:17:34	134.08307247	USD
422	878	2016-05-12 14:51:34	126.482613622	USD
423	61	2016-05-12 02:19:34	33.7960213416	EUR
424	698	2016-05-12 04:23:34	117.505569194	EUR
425	226	2016-05-12 06:55:34	121.516812738	EUR
426	431	2016-05-12 11:32:34	127.281620862	USD
427	826	2016-05-12 15:00:34	170.048379213	USD
428	602	2016-05-12 03:37:34	148.51788065	EUR
429	342	2016-05-12 14:24:34	33.6493469158	USD
430	614	2016-05-12 02:17:34	99.8182244065	USD
431	389	2016-05-12 02:13:34	65.8014353889	USD
432	613	2016-05-12 13:57:34	88.0708523602	EUR
433	407	2016-05-12 12:34:34	14.2660510297	USD
434	649	2016-05-12 05:17:34	65.0767171059	EUR
435	507	2016-05-12 00:21:34	98.4206684991	USD
436	352	2016-05-12 12:14:34	115.869417795	USD
437	689	2016-05-12 11:57:34	167.830677348	USD
438	249	2016-05-12 14:41:34	143.286481913	USD
439	607	2016-05-11 23:36:34	76.337373877	USD
440	928	2016-05-12 06:58:34	131.403088603	EUR
441	428	2016-05-12 08:42:34	156.018480156	EUR
442	152	2016-05-12 02:57:34	46.0829594511	USD
443	637	2016-05-12 13:25:34	107.207169768	EUR
444	366	2016-05-12 08:10:34	111.524013668	USD
445	996	2016-05-12 05:29:34	57.9074723517	EUR
446	493	2016-05-12 03:13:34	168.988584333	USD
447	817	2016-05-12 11:29:34	55.4646315459	USD
448	399	2016-05-11 23:22:34	159.037419972	EUR
449	245	2016-05-12 05:16:34	86.9849393666	USD
450	662	2016-05-12 04:56:34	156.790180735	USD
451	545	2016-05-12 05:13:34	66.5514049596	USD
452	175	2016-05-12 09:03:34	46.4190781299	EUR
453	310	2016-05-12 03:29:34	95.7388367163	EUR
454	585	2016-05-12 02:40:34	136.698039999	EUR
455	287	2016-05-12 04:36:34	45.8062257781	USD
456	220	2016-05-11 23:52:34	1.49143867655	EUR
457	205	2016-05-12 08:35:34	171.167625194	EUR
458	556	2016-05-12 01:51:34	142.786750832	EUR
459	158	2016-05-12 05:43:34	91.1191555025	EUR
460	889	2016-05-12 00:04:34	17.1326776966	EUR
461	387	2016-05-12 13:06:34	65.0412029038	EUR
462	564	2016-05-12 07:54:34	6.48676385952	EUR
463	147	2016-05-12 00:15:34	11.3381480481	USD
464	971	2016-05-12 02:09:34	58.2168618136	EUR
465	626	2016-05-12 08:41:34	28.4888404305	EUR
466	605	2016-05-12 03:02:34	25.0519117066	USD
467	260	2016-05-12 12:20:34	23.498912494	USD
468	861	2016-05-12 14:47:34	117.551669568	USD
469	39	2016-05-12 12:48:34	75.6375071741	EUR
470	322	2016-05-12 11:23:34	85.1848117894	EUR
471	587	2016-05-12 06:44:34	105.892543363	USD
472	278	2016-05-11 23:27:34	28.4478226222	USD
473	220	2016-05-11 23:14:34	101.624134223	EUR
474	398	2016-05-12 12:21:34	38.3872499089	USD
475	622	2016-05-11 23:27:34	150.897100809	USD
476	955	2016-05-12 11:36:34	152.246580242	USD
477	119	2016-05-12 07:37:34	91.8573592856	EUR
478	704	2016-05-12 02:44:34	12.2065598578	EUR
479	850	2016-05-12 10:36:34	131.496767952	USD
480	819	2016-05-12 03:35:34	64.8919216929	EUR
481	439	2016-05-12 10:30:34	89.4442395332	USD
482	622	2016-05-12 01:12:34	140.991685028	EUR
483	905	2016-05-12 13:15:34	140.937433622	USD
484	560	2016-05-12 04:36:34	96.8482864049	USD
485	487	2016-05-12 07:49:34	37.9122264129	EUR
486	389	2016-05-12 09:03:34	75.9822870409	USD
487	118	2016-05-12 12:37:34	89.6028217754	USD
488	131	2016-05-12 04:39:34	121.864586269	USD
489	84	2016-05-12 03:01:34	131.248337772	USD
490	261	2016-05-12 01:31:34	150.457046124	EUR
491	819	2016-05-12 13:30:34	103.383039372	USD
492	311	2016-05-12 01:47:34	53.865301722	USD
493	733	2016-05-12 04:46:34	100.139305307	EUR
494	367	2016-05-12 02:19:34	42.0760354021	USD
495	709	2016-05-12 13:43:34	74.6788533894	USD
496	300	2016-05-12 10:16:34	97.4065512703	USD
497	132	2016-05-12 04:32:34	10.9958213413	USD
498	419	2016-05-12 01:15:34	125.218184392	EUR
499	111	2016-05-12 08:01:34	78.3962593462	USD
500	589	2016-05-12 14:41:34	89.9522737653	EUR
501	101	2016-05-12 07:58:34	139.585599279	USD
502	418	2016-05-12 00:24:34	120.329917502	USD
503	104	2016-05-12 06:15:34	74.0636642725	USD
504	234	2016-05-12 01:35:34	67.466899043	USD
505	876	2016-05-12 12:41:34	77.9569361711	EUR
506	351	2016-05-12 06:04:34	57.9711642944	USD
507	71	2016-05-12 02:28:34	72.8187367707	EUR
508	796	2016-05-12 13:50:34	12.7394992604	EUR
509	667	2016-05-12 05:28:34	123.682970393	USD
510	754	2016-05-11 22:55:34	98.493614818	EUR
511	301	2016-05-12 06:15:34	166.054102664	USD
512	51	2016-05-11 23:23:34	108.081032511	USD
513	531	2016-05-12 12:13:34	128.953515436	EUR
514	463	2016-05-12 13:00:34	152.103274435	USD
515	274	2016-05-12 07:25:34	126.361639934	USD
516	105	2016-05-12 09:03:34	163.094110413	USD
517	460	2016-05-12 03:42:34	116.857796543	EUR
518	9	2016-05-12 05:11:34	9.80205335365	EUR
519	290	2016-05-12 10:33:34	7.98043612618	USD
520	207	2016-05-11 23:01:34	174.587918245	EUR
521	153	2016-05-12 07:58:34	175.065691632	USD
522	301	2016-05-12 01:50:34	24.732074824	USD
523	83	2016-05-12 13:17:34	21.8234002169	EUR
524	481	2016-05-12 03:12:34	134.602313163	USD
525	91	2016-05-12 04:56:34	11.7562460273	EUR
526	659	2016-05-12 11:56:34	5.48823502475	USD
527	58	2016-05-12 09:28:34	114.91183315	EUR
528	922	2016-05-12 10:02:34	1.53248934034	USD
529	4	2016-05-12 13:50:34	123.803123263	EUR
530	359	2016-05-12 12:48:34	19.0552094856	EUR
531	903	2016-05-12 02:09:34	35.1531850064	EUR
532	822	2016-05-12 05:50:34	123.742808928	USD
533	90	2016-05-12 02:37:34	131.665555294	EUR
534	246	2016-05-12 14:06:34	130.95151028	USD
535	846	2016-05-12 11:52:34	158.383372956	EUR
536	752	2016-05-12 14:47:34	43.2290711463	EUR
537	996	2016-05-12 15:01:34	123.04047828	EUR
538	624	2016-05-12 14:56:34	34.8032762953	EUR
539	575	2016-05-12 12:52:34	72.2606750954	USD
540	746	2016-05-12 05:37:34	24.684327063	EUR
541	868	2016-05-12 01:51:34	131.686647469	EUR
542	262	2016-05-12 12:09:34	77.7489284799	EUR
543	876	2016-05-11 23:29:34	137.781834803	USD
544	873	2016-05-12 02:10:34	168.375176216	USD
545	603	2016-05-12 01:14:34	1.28245049021	EUR
546	617	2016-05-12 05:25:34	140.504108637	EUR
547	290	2016-05-12 12:19:34	117.120982924	USD
548	210	2016-05-12 05:26:34	37.4386814372	USD
549	116	2016-05-12 00:17:34	143.240803942	USD
550	856	2016-05-12 14:24:34	62.4307105099	USD
551	142	2016-05-12 14:17:34	167.002895729	EUR
552	645	2016-05-12 04:10:34	174.931045225	EUR
553	4	2016-05-12 00:38:34	10.8007857203	USD
554	319	2016-05-12 12:42:34	1.23321953123	EUR
555	747	2016-05-12 00:10:34	133.268500134	EUR
556	943	2016-05-12 05:54:34	34.7907278872	USD
557	804	2016-05-12 12:09:34	132.434075823	EUR
558	323	2016-05-12 14:39:34	102.737753233	USD
559	361	2016-05-12 02:15:34	63.5401293758	EUR
560	807	2016-05-12 01:33:34	172.404825605	EUR
561	207	2016-05-12 12:36:34	22.4590277468	USD
562	251	2016-05-12 04:05:34	67.3294374454	USD
563	190	2016-05-12 12:40:34	134.571785076	USD
564	757	2016-05-12 05:52:34	53.8436086219	USD
565	423	2016-05-12 09:48:34	165.363502484	USD
566	168	2016-05-11 23:43:34	12.1101373257	EUR
567	301	2016-05-12 02:45:34	126.185199091	USD
568	747	2016-05-12 05:39:34	66.6641228022	USD
569	971	2016-05-12 11:06:34	12.9893930165	USD
570	676	2016-05-12 03:26:34	173.232723076	USD
571	825	2016-05-12 04:54:34	156.309010187	EUR
572	205	2016-05-12 14:59:34	75.0929275087	EUR
573	360	2016-05-12 13:46:34	166.671307671	EUR
574	1	2016-05-12 14:50:34	159.402937327	USD
575	366	2016-05-12 00:07:34	5.50988350024	EUR
576	597	2016-05-12 09:40:34	69.970606867	EUR
577	580	2016-05-12 04:17:34	158.9278837	USD
578	226	2016-05-12 15:08:34	48.8222311763	EUR
579	602	2016-05-12 07:00:34	47.4658343228	EUR
580	453	2016-05-12 03:58:34	72.7483192818	USD
581	781	2016-05-12 12:14:34	144.716784593	EUR
582	495	2016-05-12 06:19:34	19.223197516	EUR
583	761	2016-05-12 12:42:34	12.3074040954	USD
584	427	2016-05-12 04:07:34	59.2941703492	EUR
585	946	2016-05-12 09:36:34	170.039467804	EUR
586	125	2016-05-12 09:42:34	113.211503993	USD
587	453	2016-05-12 15:04:34	3.32541886922	EUR
588	106	2016-05-12 12:42:34	11.161062556	USD
589	708	2016-05-12 12:50:34	113.353051111	EUR
590	44	2016-05-12 14:55:34	22.635921202	USD
591	835	2016-05-12 06:32:34	146.750070336	USD
592	845	2016-05-12 05:02:34	86.5410840277	USD
593	693	2016-05-12 00:46:34	168.044205559	USD
594	359	2016-05-12 12:25:34	141.127942808	USD
595	746	2016-05-12 10:39:34	163.454448059	EUR
596	187	2016-05-12 04:12:34	61.7620107804	EUR
597	117	2016-05-12 11:00:34	115.480963995	EUR
598	19	2016-05-11 22:50:34	57.5764748327	EUR
599	942	2016-05-11 23:23:34	22.3907695205	EUR
600	880	2016-05-12 07:08:34	25.4814289095	EUR
601	442	2016-05-11 23:41:34	15.8148831527	EUR
602	745	2016-05-11 23:59:34	53.2343080051	EUR
603	635	2016-05-12 02:30:34	97.5786910292	EUR
604	42	2016-05-11 22:58:34	10.2755911002	USD
605	722	2016-05-12 07:34:34	6.02232998869	EUR
606	154	2016-05-12 02:57:34	138.747310965	USD
607	162	2016-05-12 13:44:34	34.2689843119	USD
608	23	2016-05-12 08:37:34	15.193195978	USD
609	625	2016-05-12 14:56:34	145.318580145	EUR
610	298	2016-05-12 07:03:34	76.6405160441	EUR
611	662	2016-05-12 08:11:34	39.526672652	USD
612	708	2016-05-12 07:24:34	122.16012344	EUR
613	13	2016-05-12 07:48:34	67.6714044622	USD
614	856	2016-05-12 02:57:34	97.9287697917	USD
615	639	2016-05-12 11:44:34	30.1082566533	USD
616	876	2016-05-12 10:56:34	162.876161749	USD
617	471	2016-05-12 08:12:34	66.220635741	EUR
618	48	2016-05-12 00:41:34	37.0757602868	EUR
619	768	2016-05-12 12:06:34	53.7330745595	EUR
620	39	2016-05-12 10:27:34	125.53222117	USD
621	117	2016-05-12 11:22:34	104.002953588	USD
622	603	2016-05-12 11:52:34	49.8961024876	USD
623	456	2016-05-12 01:54:34	112.401787825	USD
624	24	2016-05-12 13:51:34	41.5813365986	EUR
625	80	2016-05-12 00:02:34	84.0509874476	USD
626	416	2016-05-12 04:23:34	71.3183491462	EUR
627	854	2016-05-12 08:16:34	166.182963263	EUR
628	569	2016-05-12 04:04:34	100.137676865	USD
629	848	2016-05-12 05:19:34	52.976825206	EUR
630	990	2016-05-12 03:42:34	141.203605466	EUR
631	790	2016-05-12 01:54:34	152.562989862	USD
632	881	2016-05-12 01:00:34	63.7938693085	USD
633	159	2016-05-12 04:32:34	47.8886486212	EUR
634	416	2016-05-12 07:27:34	115.191968391	USD
635	214	2016-05-12 12:44:34	167.09573917	USD
636	130	2016-05-12 00:53:34	61.2188338654	EUR
637	903	2016-05-11 23:46:34	29.3283404183	USD
638	888	2016-05-12 09:45:34	93.03235047	EUR
639	35	2016-05-12 10:14:34	159.012325418	USD
640	95	2016-05-12 11:39:34	105.88453358	EUR
641	562	2016-05-12 13:54:34	44.5870014506	EUR
642	121	2016-05-12 03:28:34	154.305606634	USD
643	564	2016-05-12 07:20:34	98.600839826	USD
644	4	2016-05-12 12:49:34	34.4730185884	USD
645	688	2016-05-12 05:03:34	99.4133436092	USD
646	784	2016-05-12 06:22:34	5.66833091916	EUR
647	684	2016-05-12 11:13:34	98.5536868027	EUR
648	775	2016-05-12 07:21:34	171.617223565	USD
649	335	2016-05-12 11:08:34	113.341631024	USD
650	783	2016-05-12 14:44:34	7.33594833041	USD
651	247	2016-05-12 10:30:34	21.7346590551	EUR
652	430	2016-05-12 02:15:34	22.548225335	EUR
653	452	2016-05-12 02:18:34	49.6686208402	USD
654	78	2016-05-12 06:32:34	155.916982318	USD
655	26	2016-05-12 10:54:34	14.6188097708	EUR
656	842	2016-05-11 23:45:34	34.1896572848	EUR
657	684	2016-05-12 08:11:34	167.83877935	USD
658	785	2016-05-12 13:30:34	158.155175244	EUR
659	506	2016-05-12 15:15:34	59.7338025504	EUR
660	836	2016-05-12 06:45:34	164.645312917	USD
661	823	2016-05-12 07:49:34	58.9946477867	USD
662	603	2016-05-12 03:14:34	56.8263515433	EUR
663	81	2016-05-12 14:55:34	30.4981160095	USD
664	306	2016-05-12 11:03:34	36.771928119	USD
665	923	2016-05-12 09:28:34	18.4921956565	EUR
666	295	2016-05-12 00:59:34	118.477010817	EUR
667	652	2016-05-12 11:06:34	38.9162586558	USD
668	34	2016-05-11 23:58:34	55.285292282	EUR
669	238	2016-05-12 15:14:34	157.091736274	EUR
670	391	2016-05-12 09:15:34	143.4150267	USD
671	97	2016-05-12 08:25:34	165.257312735	USD
672	393	2016-05-12 06:23:34	140.737982105	USD
673	13	2016-05-12 04:43:34	69.4886745273	EUR
674	928	2016-05-12 07:54:34	65.658712677	EUR
675	757	2016-05-12 02:15:34	119.420181886	EUR
676	627	2016-05-12 02:08:34	150.196483369	EUR
677	218	2016-05-12 09:43:34	21.1160486233	EUR
678	188	2016-05-12 09:21:34	8.79985925595	EUR
679	249	2016-05-12 00:24:34	86.2094867943	USD
680	160	2016-05-11 23:54:34	122.773667305	EUR
681	586	2016-05-12 09:51:34	89.0233485361	USD
682	737	2016-05-12 10:00:34	99.3206187263	EUR
683	298	2016-05-12 11:32:34	90.8092424778	USD
684	221	2016-05-12 02:09:34	42.5262229855	EUR
685	553	2016-05-12 11:32:34	171.7143568	EUR
686	146	2016-05-12 03:39:34	114.473815649	USD
687	231	2016-05-12 10:23:34	57.5607050557	EUR
688	849	2016-05-12 02:24:34	73.9133903446	EUR
689	328	2016-05-12 01:49:34	41.0120833184	USD
690	659	2016-05-12 14:11:34	68.4516533122	USD
691	190	2016-05-12 04:06:34	145.953886766	EUR
692	828	2016-05-12 01:45:34	147.522363269	USD
693	182	2016-05-12 09:09:34	58.4538848936	EUR
694	915	2016-05-12 07:54:34	28.0377856103	EUR
695	342	2016-05-12 11:03:34	97.238622777	USD
696	427	2016-05-12 12:40:34	9.1205739535	USD
697	213	2016-05-12 03:04:34	44.8502048943	EUR
698	694	2016-05-12 12:18:34	78.4601514888	EUR
699	52	2016-05-12 02:41:34	164.503740309	USD
700	423	2016-05-11 22:59:34	130.811175793	EUR
701	798	2016-05-12 04:10:34	88.035300515	EUR
702	177	2016-05-12 05:54:34	3.56646615104	USD
703	821	2016-05-12 13:45:34	34.4676558324	EUR
704	613	2016-05-11 23:08:34	76.7968979246	USD
705	433	2016-05-12 09:09:34	17.1076964886	EUR
706	737	2016-05-12 01:00:34	69.6323523237	USD
707	661	2016-05-12 00:58:34	31.5417309341	EUR
708	257	2016-05-12 13:23:34	103.00619806	USD
709	460	2016-05-12 07:17:34	102.132414454	EUR
710	727	2016-05-12 07:48:34	108.436960509	EUR
711	858	2016-05-12 07:22:34	66.7104951247	USD
712	463	2016-05-12 07:22:34	154.973838289	EUR
713	398	2016-05-11 23:15:34	107.30651112	EUR
714	695	2016-05-12 09:43:34	107.631397845	EUR
715	205	2016-05-12 09:52:34	45.9064527467	EUR
716	972	2016-05-12 08:28:34	113.796851315	EUR
717	305	2016-05-12 08:09:34	66.1262214827	EUR
718	166	2016-05-12 01:49:34	111.058213011	USD
719	88	2016-05-12 08:07:34	130.413788081	EUR
720	733	2016-05-12 09:41:34	121.269895777	EUR
721	88	2016-05-12 13:49:34	158.002917828	USD
722	895	2016-05-11 23:28:34	93.0097471277	EUR
723	210	2016-05-12 00:30:34	33.0524093729	USD
724	838	2016-05-12 04:34:34	76.9272726314	EUR
725	922	2016-05-12 00:15:34	81.9370324952	EUR
726	939	2016-05-12 00:47:34	22.9387875119	EUR
727	636	2016-05-12 06:32:34	82.752816681	EUR
728	758	2016-05-12 01:01:34	85.6629091353	EUR
729	394	2016-05-12 05:50:34	5.63751971028	EUR
730	543	2016-05-12 01:51:34	43.0715933762	EUR
731	962	2016-05-12 14:24:34	47.4888478168	USD
732	141	2016-05-12 02:55:34	60.7291400885	USD
733	694	2016-05-12 05:29:34	98.6646067103	USD
734	898	2016-05-12 11:12:34	114.560803089	EUR
735	426	2016-05-12 00:48:34	33.5389968849	USD
736	484	2016-05-12 06:41:34	28.0414229514	EUR
737	314	2016-05-12 06:43:34	66.4363059652	USD
738	210	2016-05-12 12:43:34	13.4007056138	EUR
739	390	2016-05-12 07:51:34	83.805291201	USD
740	886	2016-05-11 23:26:34	61.2629373672	EUR
741	364	2016-05-12 02:45:34	20.7442690287	USD
742	117	2016-05-11 23:35:34	99.1547236946	EUR
743	579	2016-05-12 00:04:34	111.781500222	USD
744	128	2016-05-12 10:07:34	164.778153638	USD
745	664	2016-05-12 01:54:34	39.2663744208	USD
746	385	2016-05-12 03:40:34	47.2076318761	EUR
747	716	2016-05-12 07:34:34	116.474798119	EUR
748	240	2016-05-12 06:19:34	152.358119052	EUR
749	878	2016-05-12 11:52:34	136.541602859	USD
750	256	2016-05-12 12:05:34	17.9961043232	USD
751	182	2016-05-12 14:06:34	150.826200212	USD
752	16	2016-05-12 12:51:34	115.48700566	USD
753	470	2016-05-12 11:23:34	103.710926762	USD
754	631	2016-05-12 13:04:34	120.265385824	EUR
755	304	2016-05-12 02:53:34	104.240066182	USD
756	940	2016-05-12 03:40:34	117.130630351	EUR
757	834	2016-05-12 14:27:34	98.2705555601	EUR
758	104	2016-05-12 08:02:34	31.9403550733	EUR
759	601	2016-05-12 13:46:34	114.041119082	EUR
760	657	2016-05-12 09:22:34	80.1518199228	USD
761	14	2016-05-12 10:55:34	123.785522716	USD
762	658	2016-05-12 08:42:34	73.0145147082	USD
763	462	2016-05-12 10:41:34	70.9147282999	EUR
764	966	2016-05-12 13:27:34	28.9881769939	EUR
765	513	2016-05-12 05:53:34	80.7887767182	EUR
766	668	2016-05-12 14:38:34	27.8131119785	EUR
767	754	2016-05-12 05:17:34	159.69348447	EUR
768	888	2016-05-12 07:52:34	59.1011449644	EUR
769	843	2016-05-12 14:52:34	165.729708663	EUR
770	831	2016-05-11 23:26:34	138.608598927	USD
771	984	2016-05-12 13:50:34	118.677694632	EUR
772	740	2016-05-12 12:03:34	21.6028556858	EUR
773	877	2016-05-12 00:36:34	135.601059552	EUR
774	142	2016-05-12 06:58:34	165.547950565	EUR
775	816	2016-05-12 06:49:34	161.174018085	USD
776	435	2016-05-12 13:17:34	44.700131147	USD
777	560	2016-05-12 01:11:34	131.405035003	USD
778	263	2016-05-12 06:16:34	81.5371036083	EUR
779	942	2016-05-12 03:20:34	51.5919555471	USD
780	510	2016-05-12 12:37:34	68.1334745667	USD
781	461	2016-05-12 09:59:34	99.5800375835	USD
782	742	2016-05-12 11:37:34	105.451876356	USD
783	354	2016-05-12 00:47:34	150.191919474	EUR
784	791	2016-05-12 04:38:34	41.073876503	USD
785	881	2016-05-12 06:57:34	10.2497333188	USD
786	242	2016-05-12 02:50:34	121.919343856	USD
787	894	2016-05-12 08:42:34	49.5891901074	USD
788	633	2016-05-12 14:04:34	24.0214458108	USD
789	439	2016-05-12 01:24:34	170.917490047	EUR
790	63	2016-05-12 06:20:34	174.578426829	EUR
791	186	2016-05-12 02:07:34	30.7369663417	EUR
792	338	2016-05-12 14:25:34	163.890720957	EUR
793	491	2016-05-12 09:24:34	75.8612736377	USD
794	358	2016-05-12 08:34:34	147.197015348	USD
795	837	2016-05-12 04:35:34	135.524492408	USD
796	935	2016-05-12 09:41:34	8.85025873049	EUR
797	401	2016-05-12 06:37:34	76.2619274468	EUR
798	460	2016-05-12 00:21:34	38.045855458	EUR
799	780	2016-05-12 03:19:34	42.8446866666	EUR
800	874	2016-05-12 06:16:34	35.3564727041	EUR
801	760	2016-05-12 11:09:34	57.4819060221	EUR
802	684	2016-05-12 05:29:34	37.5277356334	USD
803	12	2016-05-11 23:49:34	34.3201155121	USD
804	13	2016-05-12 15:15:34	135.893155268	EUR
805	190	2016-05-12 05:57:34	96.0178818042	USD
806	979	2016-05-12 10:47:34	28.6380076796	EUR
807	957	2016-05-12 08:49:34	66.8445844865	EUR
808	344	2016-05-12 13:16:34	134.677287517	EUR
809	162	2016-05-12 10:08:34	56.4240184481	USD
810	223	2016-05-11 23:02:34	87.6667828726	EUR
811	452	2016-05-12 00:18:34	3.7370721092	USD
812	397	2016-05-12 09:21:34	58.152297722	EUR
813	581	2016-05-12 01:21:34	112.953793929	EUR
814	477	2016-05-12 07:46:34	64.9261732802	EUR
815	48	2016-05-12 06:19:34	32.9673153081	USD
816	770	2016-05-12 00:05:34	57.937342923	USD
817	206	2016-05-12 09:15:34	48.2760188918	EUR
818	93	2016-05-12 01:52:34	55.2176940803	EUR
819	372	2016-05-12 05:02:34	115.868479403	USD
820	616	2016-05-11 23:35:34	95.8046851866	EUR
821	278	2016-05-12 14:38:34	99.0685847464	EUR
822	222	2016-05-12 06:25:34	115.047729388	EUR
823	804	2016-05-12 01:18:34	169.764107372	USD
824	516	2016-05-12 08:41:34	100.453001791	EUR
825	529	2016-05-12 15:23:34	24.0878901055	USD
826	909	2016-05-12 04:30:34	76.2091427391	USD
827	815	2016-05-12 14:47:34	112.450434604	EUR
828	476	2016-05-12 12:24:34	118.119527256	EUR
829	778	2016-05-12 02:33:34	168.870187359	EUR
830	898	2016-05-12 07:02:34	173.884977156	USD
831	198	2016-05-12 12:15:34	21.6180208981	EUR
832	946	2016-05-12 09:53:34	139.878978567	USD
833	442	2016-05-12 06:52:34	30.786115919	EUR
834	269	2016-05-12 03:05:34	140.736861496	USD
835	689	2016-05-12 03:45:34	164.467506268	USD
836	685	2016-05-12 09:50:34	54.7864546948	USD
837	177	2016-05-12 09:49:34	131.410096865	USD
838	522	2016-05-12 08:48:34	61.3311653486	USD
839	210	2016-05-12 15:22:34	64.2433862205	EUR
840	541	2016-05-12 11:57:34	113.763529807	USD
841	998	2016-05-12 14:23:34	55.0422187356	USD
842	559	2016-05-12 11:25:34	128.407304699	EUR
843	533	2016-05-12 14:05:34	131.132796737	USD
844	572	2016-05-12 01:59:34	45.2859042171	EUR
845	631	2016-05-12 07:44:34	126.999225633	EUR
846	92	2016-05-12 13:47:34	55.5415531105	USD
847	877	2016-05-12 08:03:34	61.8591646227	USD
848	537	2016-05-12 15:23:34	65.9584029757	USD
849	804	2016-05-12 12:43:34	65.8390516986	USD
850	290	2016-05-12 05:06:34	59.2615107202	USD
851	64	2016-05-12 01:06:34	102.050385854	USD
852	239	2016-05-12 00:56:34	138.179823237	EUR
853	801	2016-05-12 02:55:34	128.224070001	EUR
854	137	2016-05-12 06:13:34	62.8722548677	USD
855	329	2016-05-12 07:39:34	118.410618732	EUR
856	77	2016-05-12 14:25:34	58.6829870668	USD
857	274	2016-05-12 14:29:34	59.2268168048	USD
858	755	2016-05-12 13:54:34	6.62733193391	EUR
859	692	2016-05-12 05:29:34	10.5597983862	USD
860	550	2016-05-12 03:18:34	33.3597483344	EUR
861	451	2016-05-12 08:10:34	126.135000532	USD
862	487	2016-05-12 11:06:34	73.7695690966	USD
863	785	2016-05-12 14:16:34	116.923523298	USD
864	94	2016-05-12 01:44:34	107.935176203	EUR
865	71	2016-05-12 06:41:34	167.371092438	USD
866	774	2016-05-12 02:50:34	61.2245679853	USD
867	759	2016-05-12 04:33:34	66.5325991195	USD
868	936	2016-05-12 04:46:34	154.911773762	USD
869	596	2016-05-12 08:03:34	57.6195850354	EUR
870	950	2016-05-12 01:48:34	134.631592413	EUR
871	59	2016-05-11 23:27:34	130.893057568	EUR
872	531	2016-05-12 02:05:34	154.181318962	EUR
873	629	2016-05-12 06:51:34	160.138701478	EUR
874	456	2016-05-12 12:25:34	120.143228976	USD
875	628	2016-05-12 04:13:34	9.10301949756	EUR
876	175	2016-05-11 23:03:34	100.391709257	EUR
877	936	2016-05-12 13:40:34	77.2804268025	EUR
878	439	2016-05-12 04:37:34	102.452495514	USD
879	167	2016-05-12 05:09:34	133.235653211	USD
880	529	2016-05-11 23:37:34	102.835746812	EUR
881	546	2016-05-12 03:16:34	63.747162329	EUR
882	508	2016-05-12 08:28:34	94.7053947449	EUR
883	523	2016-05-12 07:42:34	89.5634667316	USD
884	451	2016-05-12 03:25:34	71.601775918	EUR
885	712	2016-05-12 01:14:34	151.801457745	EUR
886	263	2016-05-12 14:26:34	96.6016571569	USD
887	628	2016-05-12 09:47:34	120.302082686	USD
888	266	2016-05-12 04:11:34	149.871194993	USD
889	622	2016-05-12 05:55:34	91.7170010218	USD
890	361	2016-05-12 00:59:34	72.0753762751	USD
891	181	2016-05-12 14:16:34	107.706570413	USD
892	476	2016-05-12 13:08:34	109.90502616	USD
893	117	2016-05-12 08:02:34	60.6563304284	EUR
894	849	2016-05-12 13:09:34	163.522523647	EUR
895	116	2016-05-12 03:17:34	165.631858279	USD
896	327	2016-05-12 05:38:34	47.9781170038	USD
897	515	2016-05-11 22:59:34	11.0607235628	USD
898	87	2016-05-11 23:20:34	108.592678831	EUR
899	808	2016-05-12 15:12:34	142.382048889	EUR
900	335	2016-05-11 23:36:34	165.561830598	EUR
901	352	2016-05-12 12:26:34	13.8908716039	EUR
902	402	2016-05-12 03:10:34	91.8564801654	USD
903	167	2016-05-12 14:18:34	2.81817822964	USD
904	119	2016-05-12 09:49:34	39.6235937579	USD
905	972	2016-05-12 03:03:34	55.499569622	USD
906	497	2016-05-11 22:51:34	115.362187998	USD
907	70	2016-05-12 00:44:34	39.2012851834	USD
908	287	2016-05-11 23:55:34	100.962512668	USD
909	114	2016-05-12 02:18:34	71.4513795563	EUR
910	796	2016-05-12 03:33:34	75.0098476874	USD
911	592	2016-05-12 09:49:34	132.254109857	EUR
912	697	2016-05-12 01:15:34	59.3340317555	USD
913	47	2016-05-12 13:57:34	51.7934509476	USD
914	240	2016-05-12 06:32:34	160.042702916	EUR
915	994	2016-05-12 10:09:34	29.100587647	EUR
916	158	2016-05-12 04:14:34	46.105948711	EUR
917	768	2016-05-12 14:19:34	84.9179829162	USD
918	699	2016-05-12 01:12:34	149.166300105	EUR
919	727	2016-05-12 06:56:34	82.9398704548	EUR
920	8	2016-05-12 02:28:34	109.888399892	USD
921	552	2016-05-12 04:44:34	19.1967053623	EUR
922	951	2016-05-12 10:08:34	83.8817501373	USD
923	690	2016-05-12 07:59:34	76.4964706063	EUR
924	815	2016-05-12 10:31:34	76.523930632	EUR
925	178	2016-05-12 13:30:34	80.4842324507	USD
926	29	2016-05-12 01:43:34	72.4889056031	USD
927	693	2016-05-12 08:57:34	81.4190840148	EUR
928	35	2016-05-12 08:38:34	103.814483207	USD
929	638	2016-05-12 10:39:34	103.337967091	USD
930	512	2016-05-12 13:30:34	71.8100874384	USD
931	522	2016-05-12 06:30:34	118.641467744	USD
932	602	2016-05-12 04:06:34	71.3123010145	USD
933	961	2016-05-12 01:01:34	16.6655144375	USD
934	582	2016-05-12 10:38:34	3.20715413174	USD
935	408	2016-05-12 12:58:34	132.981942608	USD
936	961	2016-05-12 05:24:34	168.980083449	EUR
937	241	2016-05-12 00:46:34	65.1453299942	USD
938	295	2016-05-12 10:45:34	70.614690573	USD
939	662	2016-05-12 14:50:34	92.8594610003	USD
940	803	2016-05-12 02:53:34	66.1997347399	EUR
941	370	2016-05-12 14:25:34	71.3611002937	EUR
942	738	2016-05-12 12:44:34	136.422974735	EUR
943	706	2016-05-12 07:44:34	27.7212933956	USD
944	445	2016-05-12 07:12:34	92.3435151173	USD
945	522	2016-05-12 05:57:34	75.4850567742	EUR
946	258	2016-05-12 14:19:34	81.1724852544	EUR
947	553	2016-05-12 00:00:34	105.465055206	EUR
948	273	2016-05-12 07:46:34	24.4521317257	EUR
949	183	2016-05-12 06:43:34	76.0309877872	USD
950	903	2016-05-12 07:09:34	29.2785716349	EUR
951	474	2016-05-11 23:02:34	13.8258210099	EUR
952	620	2016-05-12 09:03:34	9.95320589274	USD
953	151	2016-05-12 09:10:34	29.7044806172	USD
954	517	2016-05-12 06:31:34	54.1373355135	USD
955	566	2016-05-12 01:50:34	52.1993722289	EUR
956	765	2016-05-12 09:53:34	25.1817267524	USD
957	247	2016-05-12 14:00:34	160.936141032	EUR
958	293	2016-05-12 03:04:34	74.8475340097	EUR
959	598	2016-05-12 06:56:34	160.334208344	EUR
960	24	2016-05-12 11:21:34	141.595090821	EUR
961	658	2016-05-12 10:05:34	165.884275741	EUR
962	400	2016-05-12 12:16:34	172.588933803	USD
963	107	2016-05-12 11:39:34	72.2202735082	USD
964	232	2016-05-12 12:48:34	50.1995818196	EUR
965	724	2016-05-12 06:59:34	128.446735814	USD
966	68	2016-05-12 09:49:34	151.114267385	USD
967	678	2016-05-12 13:05:34	41.8463054531	EUR
968	859	2016-05-12 08:04:34	84.0433477213	USD
969	57	2016-05-12 10:33:34	53.8213993963	USD
970	466	2016-05-12 01:06:34	57.946653493	USD
971	645	2016-05-11 23:55:34	114.644839789	USD
972	399	2016-05-12 02:15:34	159.620007035	EUR
973	584	2016-05-12 05:15:34	64.8408489584	EUR
974	592	2016-05-12 12:02:34	70.1903034231	USD
975	255	2016-05-11 22:58:34	132.84574673	EUR
976	734	2016-05-12 04:09:34	41.6710695196	USD
977	22	2016-05-11 23:45:34	107.043064157	USD
978	726	2016-05-12 10:39:34	73.4561643574	USD
979	843	2016-05-12 00:42:34	139.423843196	USD
980	969	2016-05-12 01:16:34	145.316884458	USD
981	962	2016-05-12 00:58:34	82.4620838144	EUR
982	402	2016-05-11 23:40:34	18.2594134504	USD
983	524	2016-05-12 12:18:34	116.28466356	USD
984	712	2016-05-12 09:24:34	66.9221390062	EUR
985	326	2016-05-12 12:26:34	150.677465593	USD
986	159	2016-05-12 11:19:34	22.4195348926	USD
987	931	2016-05-12 00:17:34	97.3729724641	EUR
988	678	2016-05-11 23:39:34	70.1850667865	USD
989	272	2016-05-12 00:15:34	156.600838459	EUR
990	995	2016-05-12 10:40:34	74.9435435019	USD
991	434	2016-05-12 00:16:34	127.934274489	USD
992	149	2016-05-12 05:29:34	64.8325468875	EUR
993	663	2016-05-11 23:08:34	101.500312595	USD
994	905	2016-05-12 14:40:34	93.4975730644	USD
995	233	2016-05-12 14:25:34	38.4046391598	USD
996	382	2016-05-12 15:14:34	49.3613751307	EUR
997	650	2016-05-12 06:14:34	157.943279437	EUR
998	433	2016-05-12 06:48:34	74.9683672372	EUR
999	275	2016-05-12 02:13:34	23.6858814771	EUR
1000	423	2016-05-12 04:56:34	83.1143526344	EUR
\.

-- restart sequences

-- analyze modified tables
ANALYZE stores;
ANALYZE products;
ANALYZE prices;
